dataset,unique_identifier,plot,line,rep,treatment,block,row,col,DF,DPM,PLHA,POM_c2,SW100,TSW,YDHA,YDHPL,YdHa_clean
Dar16C_hiP,16ADB04001.000,4001,DAB_913,R1,T6,B1,1,1,38,80,20,11.6,38,109.512,938.067907,1013.11334,507.0637335
Dar16C_hiP,16ADB04132.000,4132,DAB_609,R1,T120,B1,1,2,40,83,28,11.6,45,191.646,1637.904767,1263.526535,887.3615336
Dar16C_hiP,16ADB04133.000,4133,DAA_122,R1,T357,B7,1,3,39,84,34,11.8,52,264.654,2261.868488,1436.951746,1222.631615
Dar16C_hiP,16ADB04264.000,4264,AFR_735,R1,T219,B7,1,4,40,81,37,11.6,54,217.728,1865.034419,1088.77685,1008.126713
Dar16C_hiP,16ADB04265.000,4265,RAA_030,R1,T186,B13,1,5,47,81,35,11.6,57,232.713,1977.609506,1220.467581,1077.510434
Dar16C_hiP,16ADB04396.000,4396,SEN_056,R1,T389,B13,1,6,39,82,43,12.1,22,285.768,2434.012326,1222.666657,1315.682338
Dar16C_hiP,16ADB04397.000,4397,DAB_593,R2,T137,B1,1,7,39,81,32,11.6,47,172.368,1476.485581,996.6277674,798.1003143
Dar16C_hiP,16ADB04528.000,4528,NUA_365,R2,T139,B1,1,8,40,82,37,11.6,44,127.008,1087.936744,635.119829,588.0739158
Dar16C_hiP,16ADB04529.000,4529,CAL_143,R2,T377,B7,1,9,48,84,27,11.6,46,187.083,1602.532674,1282.02614,866.2338781
Dar16C_hiP,16ADB04660.000,4660,NDZ_002,R2,T322,B7,1,10,39,83,37,11.6,47,123.201,1055.326395,616.0824362,570.4467002
Dar16C_hiP,16ADB04661.000,4661,DAA_145,R2,T310,B13,1,11,39,81,40,11.6,52,104.949,898.9817442,485.4501419,485.9360779
Dar16C_hiP,16ADB04792.000,4792,DAB_614,R2,T127,B13,1,12,38,81,30,11.6,49,145.152,1234.917209,889.1403907,672.0844752
Dar16C_hiP,16ADB04002.000,4002,RAA_021,R1,T185,B1,2,1,43,81,24,11.6,49,232.713,1977.609506,1779.848555,1077.510434
Dar16C_hiP,16ADB04131.000,4131,DAA_016,R1,T354,B1,2,2,38,80,26,12.2,48,250.965,2135.147965,1773.815233,1154.134035
Dar16C_hiP,16ADB04134.000,4134,DAB_580,R1,T118,B7,2,3,47,82,26,11.6,62,228.15,1936.622093,1608.886047,1056.382778
Dar16C_hiP,16ADB04263.000,4263,CAL_143,R1,T377,B7,2,4,44,83,31,11.6,46,228.15,1932.200581,1346.307502,1056.382778
Dar16C_hiP,16ADB04266.000,4266,RMX_019,R1,T206,B13,2,5,47,83,24,11.6,40,223.587,1904.389273,1713.950346,1035.255123
Dar16C_hiP,16ADB04395.000,4395,DAN_021,R1,T250,B13,2,6,40,83,29,11.6,63,213.192,1811.718837,1349.418168,987.1240729
Dar16C_hiP,16ADB04398.000,4398,DAN_016,R2,T245,B1,2,7,46,83,21,11.6,61,114.075,1221.442587,1005.072757,528.1913891
Dar16C_hiP,16ADB04527.000,4527,NDZ_008,R2,T325,B1,2,8,40,82,27,11.6,49,90.72,777.0976744,621.6781395,420.052797
Dar16C_hiP,16ADB04530.000,4530,ACC_027,R2,T47,B7,2,9,40,81,27,11.6,48,104.328,893.6623256,714.9298605,483.0607165
Dar16C_hiP,16ADB04659.000,4659,DAA_100,R2,T359,B7,2,10,37,82,30,11.6,57,168.831,1446.188023,1041.255377,781.7232558
Dar16C_hiP,16ADB04662.000,4662,DAA_122,R2,T357,B13,2,11,38,81,24,11.6,54,219.024,1865.524186,1678.971767,1014.127467
Dar16C_hiP,16ADB04791.000,4791,DAA_154,R2,T312,B13,2,12,38,82,30,11.1,55,394.632,3380.374884,2433.869916,1837.564676
Dar16C_hiP,16ADB04003.000,4003,CAL_143,R1,T63,B1,3,1,38,80,30,11.6,52,173.394,1465.112093,1054.880707,802.8509114
Dar16C_hiP,16ADB04130.000,4130,DAB_942,R1,T11,B1,3,2,38,78,28,11.6,55,214.461,1837.049651,1417.152588,992.9998114
Dar16C_hiP,16ADB04135.000,4135,LPA_776,R1,T304,B7,3,3,47,82,28,11.6,61,173.394,1480.233663,1141.89454,802.8509114
Dar16C_hiP,16ADB04262.000,4262,DAB_585,R1,T125,B7,3,4,40,84,26,11.6,52,109.512,938.067907,779.3179535,507.0637335
Dar16C_hiP,16ADB04267.000,4267,DAA_100,R1,T359,B13,3,5,40,81,28,11.6,62,235.872,2013.597209,1553.346419,1092.137272
Dar16C_hiP,16ADB04394.000,4394,DAA_126,R1,T340,B13,3,6,40,83,27,11.6,54,231.336,1981.59907,1585.279256,1071.134632
Dar16C_hiP,16ADB04399.000,4399,DAB_921,R2,T3,B1,3,7,39,82,32,11.6,44,172.368,1471.474884,993.2455465,798.1003143
Dar16C_hiP,16ADB04526.000,4526,DAA_059,R2,T333,B1,3,8,38,80,30,11.6,51,204.12,1730.668605,1246.081395,945.1187932
Dar16C_hiP,16ADB04531.000,4531,ACC_007,R2,T36,B7,3,9,38,79,28,11.6,41,140.616,1201.776279,927.0845581,651.0818353
Dar16C_hiP,16ADB04658.000,4658,DAB_380,R2,T72,B7,3,10,38,78,26,11.6,52,146.016,1250.757209,1039.090605,676.084978
Dar16C_hiP,16ADB04663.000,4663,DAN_059,R2,T337,B13,3,11,42,81,26,12.1,58,278.343,2370.77032,1969.563035,1281.49747
Dar16C_hiP,16ADB04790.000,4790,DAB_084,R2,T215,B13,3,12,39,83,28,11.6,50,163.296,1392.446512,1074.173023,756.0950346
Dar16C_hiP,16ADB04004.000,4004,ACC_004,R1,T41,B1,4,1,40,81,23,11.6,50,136.89,1172.584884,1101.210152,633.8296669
Dar16C_hiP,16ADB04129.000,4129,DAB_549,R1,T95,B1,4,2,39,80,28,11.6,54,237.276,2032.480465,1567.913502,1098.638089
Dar16C_hiP,16ADB04136.000,4136,NUA_368,R1,T145,B7,4,3,48,83,23,11.6,69,150.579,1288.384273,1209.960883,697.2126336
Dar16C_hiP,16ADB04261.000,4261,DAA_014,R1,T330,B7,4,4,38,79,23,11.6,75,231.336,1972.632558,1852.559272,1071.134632
Dar16C_hiP,16ADB04268.000,4268,DAN_005,R1,T234,B13,4,5,42,82,26,11.6,70,226.8,1942.744186,1613.972093,1050.131992
Dar16C_hiP,16ADB04393.000,4393,SEQ_1003,R1,T375,B13,4,6,46,83,29,11.1,50,285.768,2447.857674,1823.231923,1330.650283
Dar16C_hiP,16ADB04400.000,4400,DAA_052,R2,T335,B1,4,7,40,81,27,11.6,66,204.12,1734.624419,1387.699535,945.1187932
Dar16C_hiP,16ADB04525.000,4525,CMB_103,R2,T272,B1,4,8,40,82,26,11.6,54,195.048,1668.87,1386.445846,903.1135135
Dar16C_hiP,16ADB04532.000,4532,DAN_030,R2,T268,B7,4,9,39,80,32,11.6,44,222.264,1903.889302,1285.125279,1029.129353
Dar16C_hiP,16ADB04657.000,4657,LYAMUNGO_85,R2,T203,B7,4,10,40,81,32,11.6,51,205.335,1754.897965,1184.556126,950.7445003
Dar16C_hiP,16ADB04664.000,4664,NUA_537,R2,T227,B13,4,11,39,81,27,12.3,62,264.654,2249.046105,1799.236884,1215.700597
Dar16C_hiP,16ADB04789.000,4789,DAB_592,R2,T136,B13,4,12,40,81,27,11.6,52,172.368,1469.804651,1175.843721,798.1003143
Dar16C_hiP,16ADB04005.000,4005,DAB_267,R1,T82,B1,5,1,40,81,20,11.6,50,114.075,1055.326395,1055.326395,528.1913891
Dar16C_hiP,16ADB04128.000,4128,NUA_520,R1,T149,B1,5,2,42,81,27,12,58,282.906,2412.376744,1929.901395,1303.987429
Dar16C_hiP,16ADB04137.000,4137,DAA_062,R1,T328,B7,5,3,43,82,27,11.6,66,292.032,2501.514419,2001.211535,1352.169956
Dar16C_hiP,16ADB04260.000,4260,LPA_566,R1,T295,B7,5,4,43,83,20,11.8,62,254.016,2170.950698,2344.626753,1173.486864
Dar16C_hiP,16ADB04269.000,4269,AFR_722,R1,T396,B13,5,5,40,81,28,11.3,53,299.376,2564.422326,1978.268651,1390.878441
Dar16C_hiP,16ADB04392.000,4392,DAB_925,R1,T58,B13,5,6,37,79,29,11.2,52,337.662,2892.376047,2154.321469,1570.52093
Dar16C_hiP,16ADB04401.000,4401,DAB_629,R2,T151,B1,5,7,39,81,32,11.5,52,281.232,2409.002791,1626.076884,1303.636706
Dar16C_hiP,16ADB04524.000,4524,DAN_017,R2,T246,B1,5,8,39,80,32,11.6,55,195.048,1670.76,1127.763,903.1135135
Dar16C_hiP,16ADB04533.000,4533,CMB_105,R2,T286,B7,5,9,40,82,28,12.3,56,272.16,2312.832558,1784.185116,1250.179761
Dar16C_hiP,16ADB04656.000,4656,LPA_772,R2,T300,B7,5,10,39,80,38,11.6,48,237.276,2032.480465,1155.304685,1098.638089
Dar16C_hiP,16ADB04665.000,4665,LPA_775,R2,T303,B13,5,11,40,81,27,11.6,52,205.335,1758.877326,1407.10186,950.7445003
Dar16C_hiP,16ADB04788.000,4788,DAB_598,R2,T144,B13,5,12,38,81,28,11.6,52,240.408,2059.308837,1588.609674,1113.139912
Dar16C_hiP,16ADB04006.000,4006,DAN_003,R1,T232,B1,6,1,38,78,25,11.6,54,127.764,1094.412558,945.5724502,591.5743558
Dar16C_hiP,16ADB04127.000,4127,SAB_560,R1,T180,B1,6,2,38,78,28,12.9,59,438.048,3697.091163,2852.041754,1998.427656
Dar16C_hiP,16ADB04138.000,4138,DAB_384,R1,T77,B7,6,3,42,79,30,11.8,55,269.217,2300.866221,1656.623679,1243.711471
Dar16C_hiP,16ADB04259.000,4259,ACC_009,R1,T27,B7,6,4,44,81,27,11.4,53,292.032,2501.514419,2001.211535,1355.229164
Dar16C_hiP,16ADB04270.000,4270,DAA_098,R1,T361,B13,6,5,39,80,25,11.6,56,223.587,1906.555814,1647.264223,1035.255123
Dar16C_hiP,16ADB04391.000,4391,ACC_022,R1,T34,B13,6,6,39,80,26,11,54,362.016,3100.989767,2576.206884,1687.587681
Dar16C_hiP,16ADB04402.000,4402,DAB_064,R2,T214,B1,6,7,48,85,22,11.2,46,303.912,2603.277209,2555.944896,1413.544186
Dar16C_hiP,16ADB04523.000,4523,LPA_530,R2,T165,B1,6,8,38,77,31,11.3,46,263.088,2253.583256,1570.238656,1222.287115
Dar16C_hiP,16ADB04534.000,4534,DAB_923,R2,T8,B7,6,9,39,81,32,11.5,41,244.944,2098.163721,1416.260512,1135.425519
Dar16C_hiP,16ADB04655.000,4655,LPA_732,R2,T170,B7,6,10,40,82,32,12.3,59,319.41,2714.365988,1832.197042,1467.224859
Dar16C_hiP,16ADB04666.000,4666,DAB_396,R2,T80,B13,6,11,38,80,28,12.2,46,282.906,2406.89407,1856.746854,1301.023821
Dar16C_hiP,16ADB04787.000,4787,DAB_628,R2,T150,B13,6,12,39,81,27,10.9,52,281.232,2409.002791,1927.202233,1312.474921
Dar16C_hiP,16ADB04007.000,4007,DAB_909,R1,T14,B1,7,1,38,80,27,11.6,52,219.024,1876.135814,1500.908651,1014.127467
Dar16C_hiP,16ADB04126.000,4126,DAN_018,R1,T247,B1,7,2,43,84,30,11.6,60,187.083,1602.532674,1153.823526,866.2338781
Dar16C_hiP,16ADB04139.000,4139,CMB_073,R1,T276,B7,7,3,44,79,25,11.6,55,159.705,1355.635465,1171.269042,739.4679447
Dar16C_hiP,16ADB04258.000,4258,SAA_020,R1,T224,B7,7,4,38,81,27,11.3,56,381.024,3263.810233,2611.048186,1770.208925
Dar16C_hiP,16ADB04271.000,4271,CMB_014,R1,T277,B13,7,5,39,81,29,11.6,49,213.192,1811.718837,1349.418168,987.1240729
Dar16C_hiP,16ADB04390.000,4390,DAB_930,R1,T51,B13,7,6,39,81,27,11.6,62,285.768,2447.857674,1958.28614,1323.16631
Dar16C_hiP,16ADB04403.000,4403,DAB_317,R2,T209,B1,7,7,39,82,28,11.4,60,381.024,3263.810233,2517.796465,1768.213199
Dar16C_hiP,16ADB04522.000,4522,DAN_007,R2,T236,B1,7,8,38,80,33,11.6,60,208.656,1779.237209,1164.591628,966.1214331
Dar16C_hiP,16ADB04535.000,4535,DAB_062,R2,T155,B7,7,9,46,84,29,11.8,54,272.16,2326.018605,1732.482823,1257.307354
Dar16C_hiP,16ADB04654.000,4654,DAN_001,R2,T230,B7,7,10,44,82,31,11.6,50,177.957,1512.289622,1053.724382,823.9785669
Dar16C_hiP,16ADB04667.000,4667,LPA_467,R2,T162,B13,7,11,45,84,25,11.6,50,214.461,1574.642487,1574.642487,992.9998114
Dar16C_hiP,16ADB04786.000,4786,DAB_573,R2,T109,B13,7,12,40,81,27,11.3,57,290.304,2486.712558,1989.370047,1348.73061
Dar16C_hiP,16ADB04008.000,4008,SAB_560,R1,T388,B1,8,1,38,77,24,12.5,53,314.847,2669.487645,2402.538881,1442.966295
Dar16C_hiP,16ADB04125.000,4125,SEF_060,R1,T386,B1,8,2,40,81,28,14,29,506.493,4220.775,3256.026429,2281.5
Dar16C_hiP,16ADB04140.000,4140,ACC_003,R1,T30,B7,8,3,48,83,25,11.6,48,182.52,1563.446512,1350.817786,845.1062225
Dar16C_hiP,16ADB04257.000,4257,DAB_520,R1,T94,B7,8,4,39,80,26,11.6,51,358.344,3069.535814,2550.075907,1659.208548
Dar16C_hiP,16ADB04272.000,4272,DAN_007,R1,T236,B13,8,5,40,80,25,11.9,58,308.448,2633.165581,2275.055062,1423.332747
Dar16C_hiP,16ADB04389.000,4389,DAA_153,R1,T316,B13,8,6,39,81,20,11.8,54,415.233,3548.793663,3832.697156,1918.266845
Dar16C_hiP,16ADB04404.000,4404,DAN_022,R2,T251,B1,8,7,39,83,27,11.2,63,362.88,2486.712558,2486.712558,1687.813953
Dar16C_hiP,16ADB04521.000,4521,DAA_119,R2,T372,B1,8,8,46,83,28,11.5,54,254.016,2175.873488,1678.530977,1177.478316
Dar16C_hiP,16ADB04536.000,4536,SAB_686,R2,T177,B7,8,9,39,80,30,11.5,56,331.128,2836.406512,2042.212688,1534.92709
Dar16C_hiP,16ADB04653.000,4653,RAA_034,R2,T187,B7,8,10,45,84,26,12.4,54,451.737,3185.594372,3185.594372,2072.709051
Dar16C_hiP,16ADB04668.000,4668,DAB_915,R2,T12,B13,8,11,38,80,27,12.1,48,269.217,2293.040145,1834.432116,1239.48116
Dar16C_hiP,16ADB04785.000,4785,DAN_004,R2,T233,B13,8,12,46,83,25,11.2,63,263.088,2253.583256,1947.095933,1223.665116
Dar16C_hiP,16ADB04009.000,4009,ACC_018,R1,T31,B1,9,1,39,80,27,11.6,50,200.772,1719.791163,1375.83293,929.6168448
Dar16C_hiP,16ADB04124.000,4124,DAA_015,R1,T345,B1,9,2,38,78,29,11.7,55,282.906,2420.600756,1802.930218,1308.432841
Dar16C_hiP,16ADB04141.000,4141,RAA_034,R1,T187,B7,9,3,44,84,22,11.6,54,164.268,1403.918372,1378.392584,760.5956003
Dar16C_hiP,16ADB04256.000,4256,NUA_184,R1,T20,B7,9,4,48,83,31,11.6,64,141.453,1211.671047,844.2611163,654.9573224
Dar16C_hiP,16ADB04273.000,4273,RMX_020,R1,T207,B13,9,5,47,83,28,11.2,41,303.912,2603.277209,2008.242419,1413.544186
Dar16C_hiP,16ADB04388.000,4388,DAA_051,R1,T331,B13,9,6,39,79,27,11.9,69,381.024,3252.733953,2602.187163,1758.234569
Dar16C_hiP,16ADB04405.000,4405,LPA_435,R2,T161,B1,9,7,39,81,27,11.6,50,385.56,3302.665116,2642.132093,1785.224387
Dar16C_hiP,16ADB04520.000,4520,DAB_578,R2,T116,B1,9,8,40,80,31,11.4,50,254.016,2175.873488,1516.092495,1178.808799
Dar16C_hiP,16ADB04537.000,4537,DAB_625,R2,T148,B7,9,9,38,80,21,11.3,51,294.84,2525.567442,2597.726512,1369.804525
Dar16C_hiP,16ADB04652.000,4652,LPA_774,R2,T302,B7,9,10,38,82,25,11.1,62,310.284,2657.85907,2296.390236,1444.8066
Dar16C_hiP,16ADB04669.000,4669,DAA_148,R2,T315,B13,9,11,37,81,28,11.6,49,228.15,1949.886628,1504.198256,1056.382778
Dar16C_hiP,16ADB04784.000,4784,DAB_251,R2,T88,B13,9,12,45,83,27,11.3,59,376.488,3224.955349,2579.964279,1749.135009
Dar16C_hiP,16ADB04010.000,4010,DAN_008,R1,T237,B1,10,1,43,81,31,12.5,47,269.217,2282.605378,1590.460521,1233.840745
Dar16C_hiP,16ADB04123.000,4123,AFR_298,R1,T381,B1,10,2,40,83,29,12.3,52,273.78,2326.599419,1732.915429,1257.621307
Dar16C_hiP,16ADB04142.000,4142,DAA_111,R1,T364,B7,10,3,40,79,30,13.3,42,360.477,3028.425959,2180.466691,1636.987005
Dar16C_hiP,16ADB04255.000,4255,AFR_298,R1,T65,B7,10,4,44,82,22,11.6,53,426.384,3652.35907,3585.952541,1974.248146
Dar16C_hiP,16ADB04274.000,4274,NUA_230,R1,T39,B13,10,5,47,85,24,11.2,55,290.304,2486.712558,2238.041302,1350.251163
Dar16C_hiP,16ADB04387.000,4387,DAA_021,R1,T353,B13,10,6,40,81,25,11.5,79,449.064,3846.633488,3323.491334,2081.613451
Dar16C_hiP,16ADB04406.000,4406,DAB_514,R2,T70,B1,10,7,40,82,27,11.2,63,346.788,2970.548372,2376.438698,1612.967442
Dar16C_hiP,16ADB04519.000,4519,DAN_020,R2,T249,B1,10,8,47,85,28,11.6,55,204.12,1748.469767,1348.819535,945.1187932
Dar16C_hiP,16ADB04538.000,4538,DAA_029,R2,T348,B7,10,9,46,83,29,11.6,67,449.064,3846.633488,2865.078736,2079.261345
Dar16C_hiP,16ADB04651.000,4651,DAA_002,R2,T256,B7,10,10,40,82,30,11.9,59,314.847,2687.792703,1935.210747,1452.860921
Dar16C_hiP,16ADB04670.000,4670,CMB_080,R2,T283,B13,10,11,44,82,25,12.2,49,328.536,2795.102791,2414.968811,1510.866373
Dar16C_hiP,16ADB04783.000,4783,ACC_024,R2,T40,B13,10,12,42,83,32,11,45,281.232,2409.002791,1626.076884,1311.001886
Dar16C_hiP,16ADB04011.000,4011,RED_CANADIAN_WONDER,R1,T201,B1,11,1,38,82,31,12.3,40,269.217,2287.822762,1594.09586,1236.660952
Dar16C_hiP,16ADB04122.000,4122,DAA_009,R1,T264,B1,11,2,38,79,27,11.5,55,355.914,3048.720698,2438.976558,1649.821339
Dar16C_hiP,16ADB04143.000,4143,DAB_917,R1,T10,B7,11,3,39,80,28,11.1,55,346.788,2970.548372,2291.565887,1614.783847
Dar16C_hiP,16ADB04254.000,4254,ACC_017,R1,T25,B7,11,4,44,82,26,11.6,52,213.192,1826.179535,1517.133767,987.1240729
Dar16C_hiP,16ADB04275.000,4275,DAB_064,R1,T214,B13,11,5,40,82,30,11,52,385.56,3302.665116,2377.918884,1797.341295
Dar16C_hiP,16ADB04386.000,4386,SEQ_1006,R1,T198,B13,11,6,46,85,32,11.9,62,346.788,2960.467326,1998.315445,1600.252608
Dar16C_hiP,16ADB04407.000,4407,LPA_568,R2,T296,B1,11,7,40,82,25,11.2,49,290.304,2486.712558,2148.51965,1350.251163
Dar16C_hiP,16ADB04518.000,4518,DAB_106,R2,T217,B1,11,8,48,85,28,11.6,48,317.52,2719.84186,2098.163721,1470.184789
Dar16C_hiP,16ADB04539.000,4539,DAB_597,R2,T143,B7,11,9,39,80,32,11.6,53,308.448,2642.132093,1783.439163,1428.17951
Dar16C_hiP,16ADB04650.000,4650,DAA_142,R2,T317,B7,11,10,46,84,32,12.3,57,282.906,2404.152733,1622.803094,1299.542018
Dar16C_hiP,16ADB04671.000,4671,DAN_008,R2,T237,B13,11,11,45,84,31,11.6,52,333.099,2853.289884,1988.098758,1542.318856
Dar16C_hiP,16ADB04782.000,4782,DAB_912,R2,T17,B13,11,12,42,83,32,11.6,50,235.872,2018.168372,1362.263651,1092.137272
Dar16C_hiP,16ADB04012.000,4012,ACC_028,R1,T46,B2,12,1,38,81,28,11.6,50,228.15,1954.30814,1507.609136,1056.382778
Dar16C_hiP,16ADB04121.000,4121,KAT_B1,R1,T62,B2,12,2,38,81,32,11.2,46,255.528,2188.825116,1477.456953,1188.502326
Dar16C_hiP,16ADB04144.000,4144,DAA_091,R1,T363,B8,12,3,38,79,25,11.5,59,351.351,3009.634535,2600.324238,1628.669783
Dar16C_hiP,16ADB04253.000,4253,DAB_084,R1,T215,B8,12,4,44,82,22,11.6,52,515.619,4336.432097,4336.432097,2387.425079
Dar16C_hiP,16ADB04276.000,4276,DAN_030,R1,T268,B14,12,5,40,80,31,12.5,48,333.099,2824.240552,1967.857933,1526.616515
Dar16C_hiP,16ADB04385.000,4385,DAN_032,R1,T270,B14,12,6,39,81,24,11.6,73,108.864,932.5172093,839.2654884,504.0633564
Dar16C_hiP,16ADB04408.000,4408,DAA_065,R2,T329,B2,12,7,39,80,29,11.8,63,438.048,3743.782326,2788.472353,2023.666122
Dar16C_hiP,16ADB04517.000,4517,SAB_686,R2,T384,B2,12,8,40,81,23,11.6,57,322.056,2758.696744,2590.776073,1491.187429
Dar16C_hiP,16ADB04540.000,4540,LPA_512,R2,T164,B8,12,9,40,81,29,12.2,57,467.208,NA,2960.607551,2148.589063
Dar16C_hiP,16ADB04649.000,4649,NUA_398,R2,T228,B8,12,10,46,84,26,11.6,61,232.713,1656.050651,1656.050651,1077.510434
Dar16C_hiP,16ADB04672.000,4672,DAB_917,R2,T10,B14,12,11,38,80,29,11.2,59,296.595,2540.600581,1892.309399,1379.511628
Dar16C_hiP,16ADB04781.000,4781,DAN_018,R2,T247,B14,12,12,45,83,25,11.6,61,185.976,1593.050233,1376.395401,861.1082338
Dar16C_hiP,16ADB04013.000,4013,CMB_105,R1,T286,B2,13,1,40,81,22,12.2,60,328.536,2795.102791,2744.28274,1510.866373
Dar16C_hiP,16ADB04120.000,4120,MAZ_048,R1,T174,B2,13,2,40,83,28,12.2,45,282.906,2406.89407,1856.746854,1301.023821
Dar16C_hiP,16ADB04145.000,4145,DAB_233,R1,T89,B8,13,3,39,80,29,11.5,55,287.469,2462.428256,1834.084494,1332.548004
Dar16C_hiP,16ADB04252.000,4252,DAB_607,R1,T115,B8,13,4,44,82,NA,11.6,NA,NA,NA,NA,NA
Dar16C_hiP,16ADB04277.000,4277,BRB_191,R1,T189,B14,13,5,47,84,30,11.7,59,294.84,2522.710465,1816.351535,1363.627278
Dar16C_hiP,16ADB04384.000,4384,DAB_628,R1,T150,B14,13,6,39,79,30,11.2,59,442.611,3791.357791,2729.777609,2058.655814
Dar16C_hiP,16ADB04409.000,4409,DAA_009,R2,T264,B2,13,7,38,80,28,11.4,55,417.312,3574.649302,2757.586605,1936.614456
Dar16C_hiP,16ADB04516.000,4516,DAA_118,R2,T371,B2,13,8,47,84,29,11.6,50,226.8,1942.744186,1447.009463,1050.131992
Dar16C_hiP,16ADB04541.000,4541,RMX_020,R2,T207,B8,13,9,47,84,33,12,43,317.52,2707.534884,1772.204651,1463.53237
Dar16C_hiP,16ADB04648.000,4648,DAB_579,R2,T117,B8,13,10,42,81,28,11.2,61,310.284,2657.85907,2050.348425,1443.181395
Dar16C_hiP,16ADB04673.000,4673,RMX_019,R2,T206,B14,13,11,45,84,28,11.3,44,355.914,3048.720698,2351.870252,1653.549749
Dar16C_hiP,16ADB04780.000,4780,BRB_264,R2,T192,B14,13,12,42,81,30,11.1,44,353.808,3030.68093,2182.09027,1647.471779
Dar16C_hiP,16ADB04014.000,4014,DAN_024,R1,T253,B2,14,1,38,81,29,11.3,66,292.032,2501.514419,1863.196946,1356.758768
Dar16C_hiP,16ADB04119.000,4119,DAB_633,R1,T153,B2,14,2,39,80,24,11.7,46,269.217,2303.474913,2073.127422,1245.121574
Dar16C_hiP,16ADB04146.000,4146,SAB_626,R1,T175,B8,14,3,39,80,28,11.5,56,287.469,2462.428256,1899.587512,1332.548004
Dar16C_hiP,16ADB04251.000,4251,DAB_616,R1,T131,B8,14,4,40,85,21,11.4,51,328.536,2962.319706,2894.609542,1524.63281
Dar16C_hiP,16ADB04278.000,4278,LPA_499,R1,T163,B14,14,5,40,81,29,11.7,51,349.272,2988.441628,2225.873764,1615.373853
Dar16C_hiP,16ADB04383.000,4383,DAN_017,R1,T246,B14,14,6,39,82,31,12.4,61,467.208,2763.291727,2763.291727,2143.694783
Dar16C_hiP,16ADB04410.000,4410,DAB_570,R2,T105,B2,14,7,40,82,30,11.5,55,303.912,2603.277209,1874.359591,1408.768699
Dar16C_hiP,16ADB04515.000,4515,DAB_609,R2,T120,B2,14,8,39,82,28,12.2,51,326.592,2778.563721,2143.463442,1501.926336
Dar16C_hiP,16ADB04542.000,4542,DAB_090,R2,T216,B8,14,9,38,82,32,11.4,48,421.848,3613.504186,2439.115326,1957.664613
Dar16C_hiP,16ADB04647.000,4647,AFR_619,R2,T100,B8,14,10,46,84,25,11.8,49,392.418,3353.805,2897.68752,1812.867568
Dar16C_hiP,16ADB04674.000,4674,DAB_934,R2,T55,B14,14,11,39,81,27,11.3,42,250.965,2149.738953,1719.791163,1165.964566
Dar16C_hiP,16ADB04779.000,4779,DAB_904,R2,T19,B14,14,12,38,81,21,11.6,52,217.728,1854.485581,1907.470884,1008.126713
Dar16C_hiP,16ADB04015.000,4015,MAZ_021,R1,T172,B2,15,1,40,82,28,11.4,51,305.721,2618.772907,2020.196243,1418.755531
Dar16C_hiP,16ADB04118.000,4118,DAA_078,R1,T356,B2,15,2,38,79,26,11.5,61,428.922,3674.099302,3052.328651,1988.246229
Dar16C_hiP,16ADB04147.000,4147,DAA_003,R1,T257,B8,15,3,39,80,24,11.5,58,246.402,2110.652791,1899.587512,1142.184004
Dar16C_hiP,16ADB04250.000,4250,DAA_121,R1,T374,B8,15,4,44,82,27,11.2,61,322.056,2758.696744,2206.957395,1497.934884
Dar16C_hiP,16ADB04279.000,4279,DAN_047,R1,T321,B14,15,5,39,80,21,11.6,51,231.336,1974.874186,2031.299163,1071.134632
Dar16C_hiP,16ADB04382.000,4382,DAA_148,R1,T315,B14,15,6,39,80,25,12.3,52,428.922,3645.005756,3149.284973,1970.273382
Dar16C_hiP,16ADB04411.000,4411,NUA_230,R2,T39,B2,15,7,47,85,28,11.1,56,303.912,2603.277209,2008.242419,1415.136015
Dar16C_hiP,16ADB04514.000,4514,DAA_123,R2,T323,B2,15,8,40,82,24,11.4,50,358.344,3069.535814,2762.582233,1662.962414
Dar16C_hiP,16ADB04543.000,4543,ACC_011,R2,T29,B8,15,9,39,82,35,12.2,51,267.624,2276.878605,1405.159367,1230.745192
Dar16C_hiP,16ADB04646.000,4646,SEQ_1004,R2,T197,B8,15,10,44,82,29,12.2,52,387.855,3299.774128,2457.762799,1783.661691
Dar16C_hiP,16ADB04675.000,4675,CAL_096,R2,T64,B14,15,11,40,81,27,12,70,301.158,2568.013953,2054.411163,1388.115651
Dar16C_hiP,16ADB04778.000,4778,AFR_722,R2,T396,B14,15,12,46,83,25,11.6,60,381.024,3263.810233,2819.932041,1764.221747
Dar16C_hiP,16ADB04016.000,4016,CMB_012,R1,T279,B2,16,1,43,83,27,11.6,46,342.225,2931.462209,2345.169767,1584.574167
Dar16C_hiP,16ADB04117.000,4117,DIACOL_CALIMA,R1,T210,B2,16,2,39,80,25,11.5,64,337.662,2892.376047,2499.012904,1565.215116
Dar16C_hiP,16ADB04148.000,4148,LPA_772,R1,T300,B8,16,3,42,81,27,12.1,51,314.847,2681.691017,2145.352814,1449.562712
Dar16C_hiP,16ADB04249.000,4249,ACC_024,R1,T40,B8,16,4,38,82,27,11.6,58,326.592,2797.551628,2238.041302,1512.190069
Dar16C_hiP,16ADB04280.000,4280,DAB_581,R1,T119,B14,16,5,46,81,27,11.1,60,403.704,3458.084651,2766.467721,1879.807542
Dar16C_hiP,16ADB04381.000,4381,DAN_028,R1,T266,B14,16,6,38,82,28,12.2,47,410.67,3493.878488,2695.277691,1888.582967
Dar16C_hiP,16ADB04412.000,4412,DAB_932,R2,T394,B2,16,7,37,80,27,11.5,70,385.56,3302.665116,2642.132093,1787.243872
Dar16C_hiP,16ADB04513.000,4513,DAN_047,R2,T321,B2,16,8,37,81,23,12.2,57,471.744,4459.423256,3769.182091,2169.449151
Dar16C_hiP,16ADB04544.000,4544,DAB_105,R2,T158,B8,16,9,40,81,34,11.4,47,471.744,4040.907907,2567.165023,2189.216342
Dar16C_hiP,16ADB04645.000,4645,RMA_072,R2,T188,B8,16,10,44,83,29,12.3,55,342.225,2908.249273,2166.144286,1572.026634
Dar16C_hiP,16ADB04676.000,4676,SAA_021,R2,T225,B14,16,11,40,81,33,11.9,51,406.107,3466.863052,2269.219452,1873.980028
Dar16C_hiP,16ADB04777.000,4777,DAB_528,R2,T93,B14,16,12,46,82,26,11,48,276.696,2370.147907,1969.045953,1289.856694
Dar16C_hiP,16ADB04017.000,4017,DAB_629,R1,T151,B2,17,1,40,79,30,11.6,54,209.898,1797.963488,1294.533712,971.8721559
Dar16C_hiP,16ADB04116.000,4116,DAB_258,R1,T86,B2,17,2,40,81,24,11.7,60,365.04,3123.355814,2811.020233,1688.30044
Dar16C_hiP,16ADB04149.000,4149,SAA_017,R1,T223,B8,17,3,40,82,25,12.7,58,314.847,2663.385959,2301.165469,1439.668086
Dar16C_hiP,16ADB04248.000,4248,LPA_435,R1,T161,B8,17,4,39,82,28,11.9,59,489.888,4182.086512,3226.181023,2260.587304
Dar16C_hiP,16ADB04281.000,4281,DAB_926,R1,T53,B14,17,5,39,80,31,11.4,54,308.448,2642.132093,1840.969458,1431.410685
Dar16C_hiP,16ADB04380.000,4380,LPA_714,R1,T169,B14,17,6,46,83,29,11.8,60,460.863,3938.770988,2933.705288,2129.065399
Dar16C_hiP,16ADB04413.000,4413,DAB_549,R2,T95,B2,17,7,38,81,27,11.3,58,451.737,3095.624093,3095.624093,2098.736219
Dar16C_hiP,16ADB04512.000,4512,DAB_384,R2,T77,B2,17,8,38,81,24,11.5,50,417.312,3217.184372,3217.184372,1934.428661
Dar16C_hiP,16ADB04545.000,4545,DAB_049,R2,T212,B8,17,9,39,81,32,11.3,29,462.672,3963.19814,2675.158744,2149.539409
Dar16C_hiP,16ADB04644.000,4644,LPA_610,R2,T167,B8,17,10,39,82,31,11.6,50,333.099,1988.098758,1988.098758,1542.318856
Dar16C_hiP,16ADB04677.000,4677,DIACOL_CALIMA,R2,T210,B14,17,11,39,80,29,11.3,62,305.721,2618.772907,1950.534303,1420.356835
Dar16C_hiP,16ADB04776.000,4776,DAB_903,R2,T15,B14,17,12,39,80,30,11.2,57,322.056,2758.696744,1986.261656,1497.934884
Dar16C_hiP,16ADB04018.000,4018,DAA_007,R1,T262,B2,18,1,40,80,31,11.9,53,282.906,2415.118081,1682.791953,1305.469233
Dar16C_hiP,16ADB04115.000,4115,DAB_920,R1,T16,B2,18,2,39,82,24,11.6,53,232.713,1991.139331,1792.025398,1077.510434
Dar16C_hiP,16ADB04150.000,4150,CMB_057,R1,T284,B8,18,3,45,84,30,11.3,60,314.847,2696.945233,1941.800567,1462.755547
Dar16C_hiP,16ADB04247.000,4247,DAB_933,R1,T52,B8,18,4,39,81,30,11.5,60,305.721,2618.772907,1885.516493,1417.154227
Dar16C_hiP,16ADB04282.000,4282,DAB_109,R1,T218,B14,18,5,40,80,28,12.1,56,408.24,3477.160465,2682.38093,1879.546197
Dar16C_hiP,16ADB04379.000,4379,DAB_366,R1,T87,B14,18,6,39,81,25,12.1,58,557.928,4752.119302,4105.831077,2568.713136
Dar16C_hiP,16ADB04414.000,4414,DAB_591,R2,T135,B2,18,7,39,80,27,12,61,565.812,3859.802791,3859.802791,2607.974859
Dar16C_hiP,16ADB04511.000,4511,BRB_215,R2,T191,B2,18,8,38,83,17,11.2,51,394.632,3380.374884,4295.064558,1835.497674
Dar16C_hiP,16ADB04546.000,4546,DAA_164,R2,T344,B8,18,9,38,81,24,11.8,58,394.632,3372.726977,3035.454279,1823.095663
Dar16C_hiP,16ADB04643.000,4643,DAA_027,R2,T350,B8,18,10,39,82,26,11.5,59,296.595,2540.600581,2110.652791,1374.851116
Dar16C_hiP,16ADB04678.000,4678,DAB_251,R2,T395,B14,18,11,46,83,29,12.2,55,365.04,3105.669767,2313.188516,1678.740415
Dar16C_hiP,16ADB04775.000,4775,DAB_374,R2,T79,B14,18,12,46,83,29,11.8,50,308.448,2636.154419,1963.480532,1424.948334
Dar16C_hiP,16ADB04019.000,4019,DAB_587,R1,T128,B2,19,1,38,81,31,11.8,55,328.536,2807.836744,1956.428183,1517.749591
Dar16C_hiP,16ADB04114.000,4114,DAB_065,R1,T156,B2,19,2,40,82,25,11.3,62,337.662,2892.376047,2499.012904,1568.752326
Dar16C_hiP,16ADB04151.000,4151,SEQ_1003,R1,T196,B8,19,3,43,82,NA,11.6,NA,258.552,2214.728372,NA,1197.150471
Dar16C_hiP,16ADB04246.000,4246,NDZ_012,R1,T338,B8,19,4,38,81,30,12.3,57,346.788,2947.02593,2121.85867,1592.986989
Dar16C_hiP,16ADB04283.000,4283,DAN_037,R1,T326,B14,19,5,40,81,28,11.9,56,260.091,2220.350494,1712.84181,1200.189456
Dar16C_hiP,16ADB04378.000,4378,CMB_006,R1,T273,B14,19,6,46,81,27,11.6,48,226.8,1942.744186,1554.195349,1050.131992
Dar16C_hiP,16ADB04415.000,4415,CMB_016,R2,T281,B2,19,7,40,81,25,11.4,56,276.696,2370.147907,2047.807792,1284.059585
Dar16C_hiP,16ADB04510.000,4510,DAA_007,R2,T262,B2,19,8,39,81,25,11.1,50,362.88,3108.390698,2685.649563,1689.714645
Dar16C_hiP,16ADB04547.000,4547,DAA_115,R2,T368,B8,19,9,46,84,28,12.4,50,358.344,3041.757209,2346.498419,1644.193086
Dar16C_hiP,16ADB04642.000,4642,NATAL_SUGAR,R2,T202,B8,19,10,47,84,34,11.7,42,387.855,3318.565552,2108.265174,1793.819217
Dar16C_hiP,16ADB04679.000,4679,DAB_596,R2,T140,B14,19,11,39,81,27,11.8,57,447.174,3821.777791,3057.422233,2065.825833
Dar16C_hiP,16ADB04774.000,4774,NUA_430,R2,T229,B14,19,12,42,81,27,11.1,64,281.232,2409.002791,1927.202233,1309.52885
Dar16C_hiP,16ADB04020.000,4020,NDZ_002,R1,T322,B2,20,1,42,83,26,11.7,50,287.469,2459.642703,2043.395477,1329.536596
Dar16C_hiP,16ADB04113.000,4113,CMB_004,R1,T278,B2,20,2,46,83,19,11.6,58,209.898,1781.692326,2025.502854,971.8721559
Dar16C_hiP,16ADB04152.000,4152,DAB_251,R1,T88,B8,20,3,40,82,24,11.7,64,485.352,4152.769535,3737.492581,2244.740289
Dar16C_hiP,16ADB04245.000,4245,DAA_052,R1,T335,B8,20,4,39,81,32,11.1,65,344.736,2952.971163,1993.255535,1605.228913
Dar16C_hiP,16ADB04284.000,4284,DAN_031,R1,T269,B14,20,5,39,80,32,11.5,61,358.344,3069.535814,2071.936674,1661.085481
Dar16C_hiP,16ADB04377.000,4377,DAB_600,R1,T99,B14,20,6,39,81,26,11.5,64,303.912,2603.277209,2162.722605,1408.768699
Dar16C_hiP,16ADB04416.000,4416,SAB_659,R2,T385,B2,20,7,40,82,25,11.7,60,439.992,3764.660233,3252.666441,2034.951477
Dar16C_hiP,16ADB04509.000,4509,DAN_025,R2,T254,B2,20,8,47,83,29,11.2,62,371.952,3186.100465,2373.095519,1730.009302
Dar16C_hiP,16ADB04548.000,4548,DAB_277,R2,T83,B8,20,9,38,81,29,11.3,57,353.808,3030.68093,2257.334762,1643.765431
Dar16C_hiP,16ADB04641.000,4641,DAN_014,R2,T243,B8,20,10,40,82,35,11.6,56,323.973,1712.643979,1712.643979,1500.063545
Dar16C_hiP,16ADB04680.000,4680,DAB_909,R2,T14,B14,20,11,38,80,28,12.3,49,346.788,2947.02593,2273.420003,1592.986989
Dar16C_hiP,16ADB04773.000,4773,DAN_037,R2,T326,B14,20,12,47,82,27,11.1,61,335.664,2875.261395,2300.209116,1562.986047
Dar16C_hiP,16ADB04021.000,4021,DAB_231,R1,T76,B2,21,1,40,83,26,11.5,57,323.973,2775.117558,2305.482279,1501.760449
Dar16C_hiP,16ADB04112.000,4112,LPA_770,R1,T297,B2,21,2,40,81,28,11.4,54,246.402,2110.652791,1628.217867,1143.474607
Dar16C_hiP,16ADB04153.000,4153,DAB_927,R1,T54,B8,21,3,39,81,35,11.2,47,290.304,2486.712558,1534.656893,1350.251163
Dar16C_hiP,16ADB04244.000,4244,COS_016,R1,T193,B8,21,4,39,83,28,11.2,51,508.032,3357.061953,3357.061953,2362.939535
Dar16C_hiP,16ADB04285.000,4285,LPA_406,R1,T306,B14,21,5,40,82,25,11.6,62,322.056,2758.696744,2383.513987,1491.187429
Dar16C_hiP,16ADB04376.000,4376,RAA_034,R1,T393,B14,21,6,46,83,32,11.5,59,498.96,4274.037209,2884.975116,2312.903834
Dar16C_hiP,16ADB04417.000,4417,DAA_159,R2,T319,B2,21,7,40,82,27,11.1,53,358.344,3069.535814,2455.628651,1668.593212
Dar16C_hiP,16ADB04508.000,4508,CMB_006,R2,T273,B2,21,8,46,82,26,11.6,48,213.192,1807.587209,1501.687835,987.1240729
Dar16C_hiP,16ADB04549.000,4549,DAA_111,R2,T364,B8,21,9,40,81,28,11.2,43,394.632,3380.374884,2607.717767,1835.497674
Dar16C_hiP,16ADB04640.000,4640,DAB_568,R2,T103,B8,21,10,40,82,32,11.9,53,278.343,2376.164564,1603.911081,1284.413278
Dar16C_hiP,16ADB04681.000,4681,G4523,R2,T152,B14,21,11,40,81,31,12,48,419.796,3579.655814,2494.211793,1934.949089
Dar16C_hiP,16ADB04772.000,4772,SEN_056,R2,T389,B14,21,12,46,83,29,11.6,27,553.392,3530.703089,3530.703089,2562.322062
Dar16C_hiP,16ADB04022.000,4022,DAN_027,R1,T265,B2,22,1,40,82,21,12.1,60,305.721,2603.960843,2678.359724,1407.546402
Dar16C_hiP,16ADB04111.000,4111,DAN_012,R1,T241,B2,22,2,44,85,27,12.1,60,387.855,3303.532413,2642.82593,1785.693196
Dar16C_hiP,16ADB04154.000,4154,DAB_612,R1,T124,B8,22,3,39,82,24,11.1,57,254.016,2175.873488,1958.28614,1182.800251
Dar16C_hiP,16ADB04243.000,4243,PVA_773,R1,T184,B8,22,4,43,83,28,11.7,58,453.6,2993.986047,2993.986047,2097.888121
Dar16C_hiP,16ADB04286.000,4286,DAB_901,R1,T2,B14,22,5,39,80,31,11.1,45,272.16,2331.293023,1624.384816,1267.285984
Dar16C_hiP,16ADB04375.000,4375,CMB_045,R1,T289,B14,22,6,40,82,25,11.9,62,408.24,3485.072093,3011.102288,1883.822753
Dar16C_hiP,16ADB04418.000,4418,DAB_577,R2,T114,B2,22,7,40,82,31,11.5,70,538.434,4392.540199,3213.639088,2495.883564
Dar16C_hiP,16ADB04507.000,4507,DAB_252,R2,T84,B2,22,8,40,82,27,11.3,57,435.456,3730.068837,2984.05507,2023.095915
Dar16C_hiP,16ADB04550.000,4550,DAB_913,R2,T6,B8,22,9,39,81,27,11.4,46,276.696,2370.147907,1896.118326,1284.059585
Dar16C_hiP,16ADB04639.000,4639,DAB_580,R2,T118,B8,22,10,40,82,27,11.9,58,460.863,3147.444209,3147.444209,2126.651493
Dar16C_hiP,16ADB04682.000,4682,LPA_546,R2,T166,B14,22,11,40,81,28,11.6,67,287.469,2462.428256,1899.587512,1331.0423
Dar16C_hiP,16ADB04771.000,4771,DAA_060,R2,T332,B14,22,12,42,82,31,11.7,56,340.2,2910.819767,2028.184096,1573.416091
Dar16C_hiP,16ADB04023.000,4023,DAN_010,R1,T239,B3,23,1,39,82,28,11.2,52,246.402,2110.652791,1628.217867,1146.055814
Dar16C_hiP,16ADB04110.000,4110,ACC_005,R1,T32,B3,23,2,40,81,26,11.8,67,282.906,2417.859419,2008.683209,1306.951037
Dar16C_hiP,16ADB04155.000,4155,DAD_036,R1,T205,B9,23,3,39,82,26,11.6,44,185.976,1593.050233,1323.457116,861.1082338
Dar16C_hiP,16ADB04242.000,4242,CMB_036,R1,T274,B9,23,4,44,83,24,12.1,57,353.808,3172.146389,2712.185163,1628.940038
Dar16C_hiP,16ADB04287.000,4287,DAB_252,R1,T84,B15,23,5,39,81,28,11.3,61,467.208,4002.053023,3087.298047,2170.613325
Dar16C_hiP,16ADB04374.000,4374,SAP_001-16,R1,T226,B15,23,6,39,79,28,11.6,54,325.728,2790.150698,2152.401967,1508.189566
Dar16C_hiP,16ADB04419.000,4419,DAA_098,R2,T361,B3,23,7,40,81,26,11.8,61,383.292,3275.809535,2721.441767,1770.707857
Dar16C_hiP,16ADB04506.000,4506,DAN_011,R2,T240,B3,23,8,40,82,NA,11.6,NA,NA,NA,NA,NA
Dar16C_hiP,16ADB04551.000,4551,DAA_126,R2,T340,B9,23,9,47,84,32,11.3,52,353.808,3030.68093,2045.709628,1643.765431
Dar16C_hiP,16ADB04638.000,4638,ACC_008,R2,T26,B9,23,10,39,81,33,11.7,53,337.662,2889.104128,1891.049975,1561.677907
Dar16C_hiP,16ADB04683.000,4683,DAB_267,R2,T82,B15,23,11,39,81,30,12.3,54,369.603,2261.454635,2261.454635,1697.788765
Dar16C_hiP,16ADB04770.000,4770,CMB_050,R2,T287,B15,23,12,46,84,27,12.1,58,254.016,2163.566512,1730.853209,1169.495412
Dar16C_hiP,16ADB04024.000,4024,DAB_105,R1,T158,B3,24,1,40,78,27,11.9,47,337.662,2882.560291,2306.048233,1558.140698
Dar16C_hiP,16ADB04109.000,4109,NUA_365,R1,T139,B3,24,2,39,80,28,11.4,64,401.544,2653.39208,2653.39208,1863.440101
Dar16C_hiP,16ADB04156.000,4156,SAB_259,R1,T195,B9,24,3,40,81,29,12.2,51,369.603,3144.49064,2342.103373,1699.72467
Dar16C_hiP,16ADB04241.000,4241,DAA_159,R1,T319,B9,24,4,40,83,29,11,58,412.776,3535.794419,2633.557222,1924.212445
Dar16C_hiP,16ADB04288.000,4288,ACC_008,R1,T26,B15,24,5,39,81,27,12.4,56,401.544,3408.454884,2726.763907,1842.408045
Dar16C_hiP,16ADB04373.000,4373,CMB_095,R1,T288,B15,24,6,48,82,26,11.9,52,410.67,3505.81657,2912.524535,1895.035984
Dar16C_hiP,16ADB04420.000,4420,DAA_049,R2,T334,B3,24,7,39,80,27,11.5,56,467.208,4002.053023,3201.642419,2165.719045
Dar16C_hiP,16ADB04505.000,4505,DAA_004,R2,T258,B3,24,8,39,83,29,11.9,51,240.408,2052.320233,1528.624725,1109.362288
Dar16C_hiP,16ADB04552.000,4552,NUA_368,R2,T145,B9,24,9,48,85,26,12.3,64,340.2,2401.787657,2401.787657,1562.724701
Dar16C_hiP,16ADB04637.000,4637,ACC_005,R2,T32,B9,24,10,40,81,28,12.2,58,396.981,3377.415872,2605.435101,1825.630201
Dar16C_hiP,16ADB04684.000,4684,DAB_586,R2,T126,B15,24,11,47,85,30,11.7,48,260.091,2225.391017,1602.281533,1202.914063
Dar16C_hiP,16ADB04769.000,4769,DAA_151,R2,T313,B15,24,12,45,83,28,11.5,50,381.024,3263.810233,2517.796465,1766.217473
Dar16C_hiP,16ADB04025.000,4025,DAN_002,R1,T231,B3,25,1,40,79,26,11.6,56,223.587,1906.555814,1583.907907,1035.255123
Dar16C_hiP,16ADB04108.000,4108,DAB_317,R1,T209,B3,25,2,39,80,31,11.2,57,241.839,2071.566628,1443.414167,1124.832558
Dar16C_hiP,16ADB04157.000,4157,DAA_173,R1,T341,B9,25,3,42,80,28,11.6,58,217.728,1865.034419,1438.740837,1008.126713
Dar16C_hiP,16ADB04240.000,4240,DAN_011,R1,T240,B9,25,4,43,83,31,11.5,61,479.115,4104.047093,2859.594104,2220.913341
Dar16C_hiP,16ADB04289.000,4289,DAB_593,R1,T137,B15,25,5,39,80,22,11.8,54,299.376,2558.620465,2512.100093,1383.038089
Dar16C_hiP,16ADB04372.000,4372,DAB_603,R1,T101,B15,25,6,40,82,32,11.8,50,344.736,2946.290233,1988.745907,1592.589315
Dar16C_hiP,16ADB04421.000,4421,LPA_778,R2,T307,B3,25,7,40,82,28,12.5,64,296.595,2514.734738,1939.938227,1359.316075
Dar16C_hiP,16ADB04504.000,4504,DAB_927,R2,T54,B3,25,8,39,81,20,11.8,47,249.48,2132.183721,2302.758419,1152.531741
Dar16C_hiP,16ADB04553.000,4553,MAZ_048,R2,T174,B9,25,9,39,82,24,11.7,45,308.448,2639.143256,2375.22893,1426.563922
Dar16C_hiP,16ADB04636.000,4636,DAB_621,R2,T141,B9,25,10,40,81,20,11.3,53,346.788,2970.548372,3208.192242,1611.151037
Dar16C_hiP,16ADB04685.000,4685,LPA_776,R2,T304,B15,25,11,46,80,30,11.5,55,273.78,2345.169767,1688.522233,1269.093338
Dar16C_hiP,16ADB04768.000,4768,DAN_005,R2,T234,B15,25,12,45,83,28,11.1,68,312.984,2680.986977,2068.189953,1457.378881
Dar16C_hiP,16ADB04026.000,4026,DAA_024,R1,T352,B3,26,1,39,81,25,11.6,55,232.713,1993.394302,1722.292677,1077.510434
Dar16C_hiP,16ADB04107.000,4107,DAA_005,R1,T259,B3,26,2,38,80,29,11.4,55,310.284,2657.85907,1979.646755,1439.930987
Dar16C_hiP,16ADB04158.000,4158,DAB_066,R1,T157,B9,26,3,41,83,25,11.4,60,322.056,2758.696744,2383.513987,1494.561157
Dar16C_hiP,16ADB04239.000,4239,DAB_528,R1,T93,B9,26,4,39,80,24,11.5,53,344.736,2952.971163,2657.674047,1598.006285
Dar16C_hiP,16ADB04290.000,4290,BRB_215,R1,T191,B15,26,5,39,80,22,11.6,47,317.52,2719.84186,2670.39019,1470.184789
Dar16C_hiP,16ADB04371.000,4371,LPA_736,R1,T171,B15,26,6,40,81,30,11.2,57,421.848,2601.723014,2601.723014,1962.083721
Dar16C_hiP,16ADB04422.000,4422,ACC_025,R2,T44,B3,26,7,39,81,26,11.2,41,255.528,2188.825116,1818.408558,1188.502326
Dar16C_hiP,16ADB04503.000,4503,DAB_619,R2,T134,B3,26,8,39,80,24,11.8,54,312.984,2674.921395,2407.429256,1445.903457
Dar16C_hiP,16ADB04554.000,4554,DAA_173,R2,T341,B9,26,9,40,80,27,11.2,53,254.016,2175.873488,1740.698791,1181.469767
Dar16C_hiP,16ADB04635.000,4635,CMB_025,R2,T275,B9,26,10,38,81,25,11.9,59,351.351,2999.420843,2591.499608,1621.308564
Dar16C_hiP,16ADB04686.000,4686,DAB_603,R2,T101,B15,26,11,46,83,31,11.8,48,241.839,2066.879826,1440.148524,1117.232338
Dar16C_hiP,16ADB04767.000,4767,LPA_499,R2,T163,B15,26,12,46,83,28,11.1,50,403.704,3458.084651,2667.665302,1879.807542
Dar16C_hiP,16ADB04027.000,4027,DAB_052,R1,T213,B3,27,1,42,81,26,11.7,27,264.654,2264.432965,1881.221233,1224.017819
Dar16C_hiP,16ADB04106.000,4106,SAA_021,R1,T225,B3,27,2,38,80,28,12.1,55,328.536,2798.286279,2158.677987,1512.587178
Dar16C_hiP,16ADB04159.000,4159,DAB_575,R1,T111,B9,27,3,43,81,28,11.7,45,272.16,2328.655814,1796.391628,1258.732872
Dar16C_hiP,16ADB04238.000,4238,DAA_123,R1,T323,B9,27,4,39,80,29,11.3,50,421.848,3613.504186,2691.437601,1959.874167
Dar16C_hiP,16ADB04291.000,4291,AFR_708,R1,T360,B15,27,5,45,81,29,11.5,56,349.272,2991.826047,2228.394573,1619.032684
Dar16C_hiP,16ADB04370.000,4370,ACC_027,R1,T47,B15,27,6,40,82,33,11.2,51,294.84,1653.098689,1653.098689,1371.348837
Dar16C_hiP,16ADB04423.000,4423,SAB_560,R2,T388,B3,27,7,39,79,29,11.3,49,353.808,3030.68093,2257.334762,1643.765431
Dar16C_hiP,16ADB04502.000,4502,DAB_541,R2,T71,B3,27,8,39,80,29,11.8,50,276.696,2364.785581,1761.357536,1278.262476
Dar16C_hiP,16ADB04555.000,4555,DAA_013,R2,T327,B9,27,9,37,80,20,12.5,56,312.984,2653.69186,2865.987209,1434.428033
Dar16C_hiP,16ADB04634.000,4634,SAA_015,R2,T222,B9,27,10,39,82,32,11,57,410.67,2374.48439,2374.48439,1914.395035
Dar16C_hiP,16ADB04687.000,4687,DAB_602,R2,T98,B15,27,11,44,83,32,12.3,54,246.402,2093.939477,1413.409147,1131.859177
Dar16C_hiP,16ADB04766.000,4766,DAB_604,R2,T102,B15,27,12,46,84,30,11.7,66,390.096,3337.74,2403.1728,1804.183784
Dar16C_hiP,16ADB04028.000,4028,DAB_236,R1,T81,B3,28,1,38,81,34,11.8,55,273.78,2339.863953,1486.501806,1264.791326
Dar16C_hiP,16ADB04105.000,4105,ACC_002,R1,T33,B3,28,2,40,80,31,11.2,49,314.847,2696.945233,1879.161839,1464.404651
Dar16C_hiP,16ADB04160.000,4160,DAB_939,R1,T50,B9,28,3,39,81,29,11.6,57,282.906,2423.342093,1804.972042,1309.914645
Dar16C_hiP,16ADB04237.000,4237,DAB_534,R1,T96,B9,28,4,40,81,29,11.2,63,342.225,2931.462209,2183.433921,1591.744186
Dar16C_hiP,16ADB04292.000,4292,DAA_013,R1,T327,B15,28,5,39,80,34,12.5,52,351.351,2978.993459,1892.537021,1610.266735
Dar16C_hiP,16ADB04369.000,4369,DAB_591,R1,T135,B15,28,6,39,79,25,12.1,55,387.855,3303.532413,2854.252005,1785.693196
Dar16C_hiP,16ADB04424.000,4424,RAA_034,R2,T393,B3,28,7,46,84,23,11.7,52,390.096,3337.74,3134.573217,1804.183784
Dar16C_hiP,16ADB04501.000,4501,DAB_926,R2,T53,B3,28,8,40,81,28,11.8,52,267.624,2287.251628,1764.451256,1236.352231
Dar16C_hiP,16ADB04556.000,4556,DAA_112,R2,T365,B9,28,9,38,81,22,11.6,56,249.48,2137.018605,2098.163721,1155.145192
Dar16C_hiP,16ADB04633.000,4633,DAB_616,R2,T131,B9,28,10,45,84,28,11.3,45,401.544,3439.582326,2653.39208,1865.543306
Dar16C_hiP,16ADB04688.000,4688,AFR_708,R2,T360,B15,28,11,45,82,27,11.1,50,269.217,2306.083605,1844.866884,1253.582197
Dar16C_hiP,16ADB04765.000,4765,DAB_053,R2,T154,B15,28,12,46,84,26,11.6,57,226.8,1940.546512,1612.146333,1050.131992
Dar16C_hiP,16ADB04029.000,4029,DAA_125,R1,T339,B3,29,1,39,83,27,11.6,52,196.209,1680.705,1344.564,908.4891892
Dar16C_hiP,16ADB04104.000,4104,NUA_430,R1,T229,B3,29,2,40,80,28,11.6,62,123.201,1055.326395,814.1089336,570.4467002
Dar16C_hiP,16ADB04161.000,4161,DAA_112,R1,T365,B9,29,3,39,82,25,11.6,58,205.335,1742.959884,1505.91734,950.7445003
Dar16C_hiP,16ADB04236.000,4236,ACC_029,R1,T45,B9,29,4,43,82,25,11.6,48,190.512,1631.905116,1409.96602,882.1108737
Dar16C_hiP,16ADB04293.000,4293,DAB_912,R1,T17,B15,29,5,39,81,28,11.2,52,326.592,2797.551628,2158.111256,1519.032558
Dar16C_hiP,16ADB04368.000,4368,DAB_576,R1,T113,B15,29,6,40,82,27,11.6,60,424.359,3635.01314,2908.010512,1964.871967
Dar16C_hiP,16ADB04425.000,4425,LPA_736,R2,T171,B3,29,7,46,85,26,11,58,272.16,2331.293023,1936.766512,1268.711502
Dar16C_hiP,16ADB04500.000,4500,DAB_236,R2,T81,B3,29,8,38,81,29,11.8,56,331.128,2829.989302,2107.854101,1529.723947
Dar16C_hiP,16ADB04557.000,4557,DAA_096,R2,T362,B9,29,9,40,81,25,11.7,60,285.768,2445.088605,2112.556554,1321.669516
Dar16C_hiP,16ADB04632.000,4632,DAN_013,R2,T242,B9,29,10,45,84,23,11.6,51,123.201,1055.326395,991.0891365,570.4467002
Dar16C_hiP,16ADB04689.000,4689,DAB_302,R2,T208,B15,29,11,40,81,26,11.6,64,296.595,2540.600581,2110.652791,1373.297612
Dar16C_hiP,16ADB04764.000,4764,DAB_545,R2,T97,B15,29,12,40,81,31,11.8,53,258.552,2209.717674,1539.674251,1194.441986
Dar16C_hiP,16ADB04030.000,4030,CAL_096,R1,T390,B3,30,1,42,82,34,11.8,69,241.839,2066.879826,1313.076595,1117.232338
Dar16C_hiP,16ADB04103.000,4103,DAB_302,R1,T208,B3,30,2,39,81,32,12,70,428.922,3657.474419,2468.795233,1977.013199
Dar16C_hiP,16ADB04162.000,4162,DAA_120,R1,T373,B9,30,3,43,81,30,11.2,54,294.84,2525.567442,1818.408558,1371.348837
Dar16C_hiP,16ADB04235.000,4235,DOR_390,R1,T378,B9,30,4,48,84,39,11.1,26,512.568,4390.60186,2431.717953,2386.721936
Dar16C_hiP,16ADB04294.000,4294,DAN_015,R1,T244,B15,30,5,39,81,29,11.5,63,430.92,2749.317979,2749.317979,1997.507857
Dar16C_hiP,16ADB04367.000,4367,DAB_924,R1,T22,B15,30,6,40,81,32,11.2,56,412.776,3535.794419,2386.661233,1919.888372
Dar16C_hiP,16ADB04426.000,4426,DAN_028,R2,T266,B3,30,7,38,82,26,11.7,51,246.402,2108.265174,1751.481837,1139.602797
Dar16C_hiP,16ADB04499.000,4499,DAA_012,R2,T309,B3,30,8,39,81,31,12.1,58,426.384,3631.70093,2530.475487,1963.081584
Dar16C_hiP,16ADB04558.000,4558,LPA_122,R2,T292,B9,30,9,47,84,25,11.9,48,335.664,2865.503721,2475.795215,1548.92093
Dar16C_hiP,16ADB04631.000,4631,DAB_576,R2,T113,B9,30,10,47,82,25,12.2,58,474.552,4037.370698,3488.288283,2182.362539
Dar16C_hiP,16ADB04690.000,4690,DAA_116,R2,T369,B15,30,11,40,81,32,11.4,50,292.032,2501.514419,1688.522233,1355.229164
Dar16C_hiP,16ADB04763.000,4763,DAB_906,R2,T9,B15,30,12,39,81,24,11.1,53,322.056,2758.696744,2482.82707,1499.621747
Dar16C_hiP,16ADB04031.000,4031,DAB_489,R1,T68,B3,31,1,39,79,36,11.6,49,305.721,2618.772907,1571.263744,1415.552923
Dar16C_hiP,16ADB04102.000,4102,DAB_589,R1,T132,B3,31,2,39,80,30,11.2,59,278.343,2384.25593,1716.66427,1294.618605
Dar16C_hiP,16ADB04163.000,4163,TIO_CANELA_75,R1,T211,B9,31,3,46,85,28,12.7,23,349.272,2954.597442,2279.260884,1597.079698
Dar16C_hiP,16ADB04234.000,4234,DAA_116,R1,T369,B9,31,4,40,82,27,11,55,267.624,2292.43814,1833.950512,1247.56631
Dar16C_hiP,16ADB04295.000,4295,CMB_016,R1,T281,B15,31,5,38,80,23,11.5,64,263.088,2253.583256,2116.408623,1219.531113
Dar16C_hiP,16ADB04366.000,4366,DAA_045,R1,T349,B15,31,6,39,80,29,11.6,74,447.174,3830.443953,2853.020324,2070.510245
Dar16C_hiP,16ADB04427.000,4427,DAB_929,R2,T57,B3,31,7,38,79,26,11.4,54,367.416,3147.245581,2614.634791,1705.062728
Dar16C_hiP,16ADB04498.000,4498,DAB_150,R2,T159,B3,31,8,40,80,24,11.5,45,322.056,2758.696744,2482.82707,1492.874293
Dar16C_hiP,16ADB04559.000,4559,DAB_581,R2,T119,B9,31,9,40,82,27,11.6,65,340.2,2914.116279,2331.293023,1575.197989
Dar16C_hiP,16ADB04630.000,4630,DAA_078,R2,T356,B9,31,10,45,82,30,12.1,54,328.536,2798.286279,2014.766121,1512.587178
Dar16C_hiP,16ADB04691.000,4691,ACC_028,R2,T46,B15,31,11,40,81,30,11.6,49,168.831,1444.552064,1040.077486,781.7232558
Dar16C_hiP,16ADB04762.000,4762,DAB_933,R2,T52,B15,31,12,39,81,24,11.6,54,199.584,1696.077209,1526.469488,924.1161534
Dar16C_hiP,16ADB04032.000,4032,DAB_353,R1,T74,B3,32,1,40,81,24,11.6,51,196.209,1680.705,1512.6345,908.4891892
Dar16C_hiP,16ADB04101.000,4101,DAA_041,R1,T346,B3,32,2,40,80,32,11.1,65,369.603,3165.979186,2137.035951,1721.019626
Dar16C_hiP,16ADB04164.000,4164,DAN_020,R1,T249,B9,32,3,40,82,22,12,58,287.469,2451.286047,2406.717209,1325.019485
Dar16C_hiP,16ADB04233.000,4233,DAN_054,R1,T336,B9,32,4,39,82,23,12.5,58,269.217,2282.605378,2143.664181,1233.840745
Dar16C_hiP,16ADB04296.000,4296,DAB_929,R1,T57,B15,32,5,37,79,26,11,52,376.488,3224.955349,2679.193674,1755.050911
Dar16C_hiP,16ADB04365.000,4365,DAA_142,R1,T317,B15,32,6,39,81,27,11.5,66,428.922,3674.099302,2939.279442,1988.246229
Dar16C_hiP,16ADB04428.000,4428,DAN_032,R2,T270,B3,32,7,38,79,29,12,64,272.16,2320.744186,1728.55429,1254.456317
Dar16C_hiP,16ADB04497.000,4497,DAB_900,R2,T13,B3,32,8,40,79,26,12.5,53,294.84,2499.854651,2076.802326,1351.272784
Dar16C_hiP,16ADB04560.000,4560,ACC_004,R2,T41,B9,32,9,40,82,24,11.6,56,145.152,1234.917209,1111.425488,672.0844752
Dar16C_hiP,16ADB04629.000,4629,RAA_030,R2,T186,B9,32,10,46,85,22,12,49,310.284,2645.832558,2597.726512,1430.179761
Dar16C_hiP,16ADB04692.000,4692,DAB_936,R2,T56,B15,32,11,39,81,25,11.6,46,246.402,2110.652791,1823.604011,1140.8934
Dar16C_hiP,16ADB04761.000,4761,CMB_012,R2,T279,B15,32,12,47,85,27,11.8,43,421.848,3605.328837,2884.26307,1948.826398
Dar16C_hiP,16ADB04033.000,4033,NDZ_008,R1,T325,B3,33,1,40,80,37,11.6,49,237.276,2032.480465,1186.529136,1098.638089
Dar16C_hiP,16ADB04100.000,4100,DAB_606,R1,T112,B3,33,2,42,83,28,12.1,49,328.536,2798.286279,2158.677987,1512.587178
Dar16C_hiP,16ADB04165.000,4165,DAB_295,R1,T391,B9,33,3,47,83,28,11.6,62,444.528,3807.778605,2937.429209,2058.258705
Dar16C_hiP,16ADB04232.000,4232,DAB_244,R1,T78,B9,33,4,39,80,29,12.1,56,319.41,2720.556105,2026.345237,1470.570867
Dar16C_hiP,16ADB04297.000,4297,DAB_588,R1,T130,B15,33,5,39,80,31,11.9,44,451.737,3856.398227,2687.038764,2084.539582
Dar16C_hiP,16ADB04364.000,4364,DAB_936,R1,T56,B15,33,6,39,79,27,11.4,48,272.16,2331.293023,1865.034419,1263.009428
Dar16C_hiP,16ADB04429.000,4429,DAB_441,R2,T69,B3,33,7,39,80,27,11.4,58,401.544,3439.582326,2751.66586,1863.440101
Dar16C_hiP,16ADB04496.000,4496,DAA_045,R2,T349,B3,33,8,37,78,29,12.4,66,290.304,2464.208372,1835.410374,1332.004525
Dar16C_hiP,16ADB04561.000,4561,DAB_584,R2,T123,B9,33,9,46,84,26,11.6,56,217.728,1862.924651,1547.660479,1008.126713
Dar16C_hiP,16ADB04628.000,4628,DAB_187,R2,T160,B9,33,10,45,84,31,11.8,43,365.04,3119.818605,2173.809092,1686.388435
Dar16C_hiP,16ADB04693.000,4693,LPA_146,R2,T293,B15,33,11,45,83,23,12.1,52,401.544,3420.127674,3211.94599,1848.717662
Dar16C_hiP,16ADB04760.000,4760,MAZ_032,R2,T173,B15,33,12,40,83,24,11.6,57,226.8,1925.162791,1732.646512,1050.131992
Dar16C_hiP,16ADB04034.000,4034,DAB_569,R1,T104,B4,34,1,46,83,31,11.4,55,287.469,2462.428256,1715.756462,1334.053708
Dar16C_hiP,16ADB04099.000,4099,AFR_722,R1,T220,B4,34,2,42,83,27,11.5,66,314.847,2696.945233,2157.556186,1459.457338
Dar16C_hiP,16ADB04166.000,4166,DAB_900,R1,T13,B10,34,3,39,81,26,11.1,57,362.88,3108.390698,2582.355349,1689.714645
Dar16C_hiP,16ADB04231.000,4231,DAB_568,R1,T103,B10,34,4,39,80,29,11.1,59,421.848,3613.504186,2691.437601,1964.293275
Dar16C_hiP,16ADB04298.000,4298,MAZ_032,R1,T173,B16,34,5,39,82,25,10.9,56,383.292,3283.237674,2836.717351,1788.776304
Dar16C_hiP,16ADB04363.000,4363,DAB_577,R1,T114,B16,34,6,39,80,27,11.3,65,529.308,4533.994884,3627.195907,2459.125267
Dar16C_hiP,16ADB04430.000,4430,DAB_606,R2,T112,B4,34,7,40,82,32,11.3,48,428.922,3674.099302,2480.017029,1992.739441
Dar16C_hiP,16ADB04495.000,4495,DAB_066,R2,T157,B4,34,8,39,81,25,11.9,59,399.168,3407.626047,2944.188904,1841.960025
Dar16C_hiP,16ADB04562.000,4562,LPA_071,R2,T290,B10,34,9,47,83,28,12.2,50,403.704,2649.558977,2649.558977,1856.547832
Dar16C_hiP,16ADB04627.000,4627,LPA_426,R2,T308,B10,34,10,46,85,23,11.4,52,333.099,2853.289884,2679.611369,1545.808265
Dar16C_hiP,16ADB04694.000,4694,NDZ_012,R2,T338,B16,34,11,39,80,21,11.4,51,250.965,2149.738953,2211.160066,1164.650063
Dar16C_hiP,16ADB04759.000,4759,BRB_198,R2,T190,B16,34,12,47,84,26,11.3,51,294.84,2525.567442,2098.163721,1369.804525
Dar16C_hiP,16ADB04035.000,4035,LPA_610,R1,T167,B4,35,1,48,83,30,11.6,52,127.764,1093.174535,787.0856651,591.5743558
Dar16C_hiP,16ADB04098.000,4098,DAB_630,R1,T146,B4,35,2,39,80,27,11.8,57,360.477,3080.820872,2464.656698,1665.30858
Dar16C_hiP,16ADB04167.000,4167,DAB_596,R1,T140,B10,35,3,39,81,27,11.3,56,371.952,3186.100465,2548.880372,1728.061094
Dar16C_hiP,16ADB04230.000,4230,KAT_B9,R1,T204,B10,35,4,40,82,32,11.2,55,317.52,2719.84186,1835.893256,1476.837209
Dar16C_hiP,16ADB04299.000,4299,DAB_915,R1,T12,B16,35,5,39,81,28,12,55,342.225,2918.197674,2251.181063,1577.404148
Dar16C_hiP,16ADB04362.000,4362,SAB_712,R1,T183,B16,35,6,47,81,32,11.1,50,317.52,2719.84186,1835.893256,1478.500314
Dar16C_hiP,16ADB04431.000,4431,DAN_054,R2,T336,B4,35,7,40,82,29,11.6,56,351.351,3009.634535,2241.658826,1626.829478
Dar16C_hiP,16ADB04494.000,4494,LPA_771,R2,T299,B4,35,8,40,81,28,11.2,54,358.344,3069.535814,2367.927628,1666.716279
Dar16C_hiP,16ADB04563.000,4563,DAA_094,R2,T358,B10,35,9,45,84,24,11.6,64,285.768,2447.857674,2203.071907,1323.16631
Dar16C_hiP,16ADB04626.000,4626,CMB_045,R2,T289,B10,35,10,45,84,20,12.3,63,410.67,3489.899128,3769.091058,1886.431961
Dar16C_hiP,16ADB04695.000,4695,SAB_626,R2,T175,B16,35,11,46,84,24,12,59,333.099,2840.37907,2556.341163,1535.340038
Dar16C_hiP,16ADB04758.000,4758,KAT_B1,R2,T62,B16,35,12,37,79,27,11.5,50,240.408,2059.308837,1647.44707,1114.39912
Dar16C_hiP,16ADB04036.000,4036,DAN_033,R1,T271,B4,36,1,39,81,23,11.6,64,232.713,1993.394302,1872.057258,1077.510434
Dar16C_hiP,16ADB04097.000,4097,DAB_902,R1,T4,B4,36,2,40,80,30,11.2,61,369.603,3165.979186,2279.505014,1719.083721
Dar16C_hiP,16ADB04168.000,4168,DAB_932,R1,T61,B10,36,3,37,80,27,12.4,57,305.721,2595.073605,2076.058884,1402.742489
Dar16C_hiP,16ADB04229.000,4229,DAA_164,R1,T344,B10,36,4,39,81,23,11.9,66,401.544,3427.909535,3219.254172,1852.924073
Dar16C_hiP,16ADB04300.000,4300,LPA_771,R1,T299,B16,36,5,40,82,36,11.2,52,456.3,3908.616279,2345.169767,2122.325581
Dar16C_hiP,16ADB04361.000,4361,DAB_572,R1,T108,B16,36,6,47,81,32,12.3,55,401.544,3412.345814,2303.333424,1844.511251
Dar16C_hiP,16ADB04432.000,4432,DAA_001,R2,T255,B4,36,7,39,80,30,12.1,53,488.241,4158.564331,2994.166319,2247.872612
Dar16C_hiP,16ADB04493.000,4493,DAB_630,R2,T146,B4,36,8,39,79,27,12,58,390.096,3326.4,2661.12,1798.054054
Dar16C_hiP,16ADB04564.000,4564,CMB_036,R2,T274,B10,36,9,47,83,18,11.7,59,308.448,2639.143256,3166.971907,1426.563922
Dar16C_hiP,16ADB04625.000,4625,NUA_184,R2,T20,B10,36,10,48,86,24,12.1,52,506.493,3882.622212,3882.622212,NA
Dar16C_hiP,16ADB04696.000,4696,ACC_012,R2,T35,B16,36,11,45,84,26,11.3,56,410.67,3517.754651,2922.442326,1907.942018
Dar16C_hiP,16ADB04757.000,4757,DAB_930,R2,T51,B16,36,12,37,78,28,11.9,61,272.16,2323.381395,1792.322791,1255.881835
Dar16C_hiP,16ADB04037.000,4037,DAA_044,R1,T351,B4,37,1,39,81,31,11.9,65,305.721,2609.885669,1818.500982,1410.74901
Dar16C_hiP,16ADB04096.000,4096,SAB_568,R1,T181,B4,37,2,40,81,31,11.6,63,314.847,2696.945233,1879.161839,1457.808234
Dar16C_hiP,16ADB04169.000,4169,LPA_643,R1,T168,B10,37,3,42,84,27,12.6,51,346.788,2936.944884,2349.555907,1587.537775
Dar16C_hiP,16ADB04228.000,4228,DAB_150,R1,T159,B10,37,4,40,83,32,11.3,44,453.6,3885.488372,2622.704651,2107.391578
Dar16C_hiP,16ADB04301.000,4301,DAB_921,R1,T3,B16,37,5,40,81,27,11.6,48,358.344,2455.628651,2455.628651,1659.208548
Dar16C_hiP,16ADB04360.000,4360,DAB_571,R1,T107,B16,37,6,48,81,31,11.2,63,426.384,3652.35907,2544.869545,1983.181395
Dar16C_hiP,16ADB04433.000,4433,DAN_029,R2,T267,B4,37,7,38,80,27,11.4,61,362.88,3108.390698,2486.712558,1684.012571
Dar16C_hiP,16ADB04492.000,4492,DAB_344,R2,T73,B4,37,8,40,79,23,12.3,56,358.344,3045.229535,2859.867737,1646.070019
Dar16C_hiP,16ADB04565.000,4565,DAA_153,R2,T316,B10,37,9,46,82,28,11.7,55,435.456,3725.849302,2874.226605,2013.972596
Dar16C_hiP,16ADB04624.000,4624,DAA_153,R2,T314,B10,37,10,45,83,26,11.6,51,401.544,3439.582326,2857.499163,1859.23369
Dar16C_hiP,16ADB04697.000,4697,SAB_560,R2,T180,B16,37,11,39,80,24,11.8,55,392.418,3353.805,3018.4245,1812.867568
Dar16C_hiP,16ADB04756.000,4756,ACC_018,R2,T31,B16,37,12,39,79,27,11.6,52,226.8,1936.151163,1548.92093,1050.131992
Dar16C_hiP,16ADB04038.000,4038,DAA_059,R1,T333,B4,38,1,39,81,31,11.2,59,383.292,3283.237674,2287.675283,1782.753488
Dar16C_hiP,16ADB04095.000,4095,CMB_080,R1,T283,B4,38,2,39,81,26,11.4,53,241.839,2071.566628,1720.993814,1122.299151
Dar16C_hiP,16ADB04170.000,4170,DAZ_005,R1,T318,B10,38,3,39,80,34,11.2,58,471.744,4040.907907,2567.165023,2194.15814
Dar16C_hiP,16ADB04227.000,4227,DAN_013,R1,T242,B10,38,4,39,81,28,12.6,70,287.469,2434.572733,1878.098965,1315.985261
Dar16C_hiP,16ADB04302.000,4302,DAB_615,R1,T129,B16,38,5,38,80,30,11.5,58,469.989,4025.874767,2898.629833,2178.610229
Dar16C_hiP,16ADB04359.000,4359,DAB_604,R1,T102,B16,38,6,38,82,33,11.7,55,344.736,2949.630698,1930.667366,1594.394972
Dar16C_hiP,16ADB04434.000,4434,DAB_624,R2,T147,B4,38,7,39,80,22,12,53,328.536,2801.469767,2750.533953,1514.307982
Dar16C_hiP,16ADB04491.000,4491,LPA_714,R2,T169,B4,38,8,47,84,23,11.8,61,371.952,3178.892093,2985.394313,1718.32005
Dar16C_hiP,16ADB04566.000,4566,DAN_006,R2,T235,B10,38,9,39,80,26,11.3,56,276.696,2370.147907,1969.045953,1285.508862
Dar16C_hiP,16ADB04623.000,4623,SAB_568,R2,T181,B10,38,10,40,81,31,12.4,54,269.217,2285.21407,1592.278191,1235.250849
Dar16C_hiP,16ADB04698.000,4698,AFR_735,R2,T219,B16,38,11,40,81,26,11.6,50,232.713,1988.88436,1652.30393,1077.510434
Dar16C_hiP,16ADB04755.000,4755,DAB_494,R2,T376,B16,38,12,38,79,27,11.7,49,312.984,2677.954186,2142.363349,1447.542803
Dar16C_hiP,16ADB04039.000,4039,DAB_053,R1,T154,B4,39,1,47,NA,28,11.6,58,219.024,1876.135814,1447.304771,1014.127467
Dar16C_hiP,16ADB04094.000,4094,ACC_025,R1,T44,B4,39,2,40,83,28,11.6,40,182.52,1563.446512,1206.087309,845.1062225
Dar16C_hiP,16ADB04171.000,4171,DAA_145,R1,T310,B10,39,3,39,81,27,11.5,62,355.914,3048.720698,2438.976558,1649.821339
Dar16C_hiP,16ADB04226.000,4226,DAB_928,R1,T60,B10,39,4,37,80,34,12.4,50,326.592,2772.234419,1761.184219,1498.505091
Dar16C_hiP,16ADB04303.000,4303,DAB_598,R1,T144,B16,39,5,39,80,27,11.8,54,385.56,3295.193023,2636.154419,1781.185418
Dar16C_hiP,16ADB04358.000,4358,LYAMUNGO_85,R1,T203,B16,39,6,46,81,30,11.7,52,335.664,2872.008837,2067.846363,1552.437209
Dar16C_hiP,16ADB04435.000,4435,DAB_605,R2,T106,B4,39,7,39,81,29,11.2,59,430.92,3691.213953,2749.317979,2004.27907
Dar16C_hiP,16ADB04490.000,4490,CMB_043,R2,T280,B4,39,8,40,82,23,11.7,53,376.488,3221.307209,3025.22764,1741.24714
Dar16C_hiP,16ADB04567.000,4567,ACC_023,R2,T28,B10,39,9,39,82,18,11.5,52,435.456,3730.068837,4476.082605,2018.534255
Dar16C_hiP,16ADB04622.000,4622,ACC_022,R2,T34,B10,39,10,40,78,27,11.1,55,342.225,2931.462209,2345.169767,1593.536691
Dar16C_hiP,16ADB04699.000,4699,DAA_166,R2,T342,B16,39,11,39,79,27,12.1,65,401.544,3420.127674,2736.10214,1848.717662
Dar16C_hiP,16ADB04754.000,4754,ICA_CALIMA,R2,T380,B16,39,12,39,81,28,11.2,65,308.448,2038.216186,2038.216186,1434.64186
Dar16C_hiP,16ADB04040.000,4040,DAA_065,R1,T329,B4,40,1,38,79,21,11.3,59,342.225,2931.462209,3015.218272,1589.951681
Dar16C_hiP,16ADB04093.000,4093,DAB_625,R1,T148,B4,40,2,38,80,20,11.3,60,351.351,3009.634535,3250.405298,1632.350393
Dar16C_hiP,16ADB04172.000,4172,DAB_938,R1,T59,B10,40,3,39,82,36,11.7,57,331.128,2833.197907,1699.918744,1531.458328
Dar16C_hiP,16ADB04225.000,4225,DAA_049,R1,T334,B10,40,4,39,80,32,11.1,61,340.2,2914.116279,1967.028488,1584.10748
Dar16C_hiP,16ADB04304.000,4304,DAA_175,R1,T343,B16,40,5,39,80,27,11.2,55,272.16,2331.293023,1865.034419,1265.860465
Dar16C_hiP,16ADB04357.000,4357,DAB_934,R1,T55,B16,40,6,39,80,30,11.1,47,322.056,2758.696744,1986.261656,1499.621747
Dar16C_hiP,16ADB04436.000,4436,DAB_928,R2,T60,B4,40,7,38,81,30,12.1,55,317.52,2704.45814,1947.20986,1461.869265
Dar16C_hiP,16ADB04489.000,4489,DAA_114,R2,T367,B4,40,8,47,83,29,11.2,55,390.096,3341.52,2488.856276,1814.4
Dar16C_hiP,16ADB04568.000,4568,DAB_937,R2,T49,B10,40,9,38,80,28,11.9,52,294.84,2516.996512,1941.683023,1360.538655
Dar16C_hiP,16ADB04621.000,4621,NUA_291,R2,T221,B10,40,10,45,83,22,11.5,59,264.654,2266.997442,2225.779307,1226.790226
Dar16C_hiP,16ADB04700.000,4700,COS_016,R2,T193,B16,40,11,39,79,30,11,49,337.662,2892.376047,2082.510753,1574.05814
Dar16C_hiP,16ADB04753.000,4753,DAB_910,R2,T21,B16,40,12,42,80,21,11.6,49,226.8,1933.953488,1989.209302,1050.131992
Dar16C_hiP,16ADB04041.000,4041,DAA_004,R1,T258,B4,41,1,39,80,30,11.6,45,191.646,1641.618837,1181.965563,887.3615336
Dar16C_hiP,16ADB04092.000,4092,DAN_004,R1,T233,B4,41,2,46,84,32,11.6,65,237.276,2032.480465,1371.924314,1098.638089
Dar16C_hiP,16ADB04173.000,4173,DAA_002,R1,T256,B10,41,3,42,81,29,11.6,68,217.728,1865.034419,1389.129084,1008.126713
Dar16C_hiP,16ADB04224.000,4224,NUA_537,R1,T227,B10,41,4,40,83,35,11.2,69,267.624,2292.43814,1414.761823,1244.762791
Dar16C_hiP,16ADB04305.000,4305,SAB_659,R1,T176,B16,41,5,40,81,24,11.5,65,285.768,2447.857674,2203.071907,1324.663105
Dar16C_hiP,16ADB04356.000,4356,DAN_025,R1,T254,B16,41,6,40,82,26,11.3,59,246.402,2110.652791,1753.465395,1144.765211
Dar16C_hiP,16ADB04437.000,4437,DAB_942,R2,T11,B4,41,7,39,81,26,12.4,57,342.225,2904.93314,2413.32907,1570.234129
Dar16C_hiP,16ADB04488.000,4488,DAA_175,R2,T343,B4,41,8,38,80,26,12.2,49,249.48,2122.513953,1763.319284,1147.30484
Dar16C_hiP,16ADB04569.000,4569,DAA_006,R2,T260,B10,41,9,39,81,28,11.6,52,430.92,2847.507907,2847.507907,1995.250786
Dar16C_hiP,16ADB04620.000,4620,DAN_023,R2,T252,B10,41,10,40,80,27,11.2,57,255.528,1751.060093,1751.060093,1188.502326
Dar16C_hiP,16ADB04701.000,4701,DAB_574,R2,T110,B16,41,11,46,81,30,11,64,387.855,3322.323837,2392.073163,1808.039755
Dar16C_hiP,16ADB04752.000,4752,DAB_494,R2,T67,B16,41,12,40,79,27,11.3,46,258.552,2214.728372,1771.782698,1201.213199
Dar16C_hiP,16ADB04042.000,4042,DAB_090,R1,T216,B4,42,1,42,81,34,11.7,49,351.351,3006.229971,1909.840217,1624.989173
Dar16C_hiP,16ADB04091.000,4091,DAA_117,R1,T370,B4,42,2,46,84,26,11.1,55,250.965,2687.173692,1785.936977,1168.593573
Dar16C_hiP,16ADB04174.000,4174,DAB_574,R1,T110,B10,42,3,43,82,32,12.5,72,351.351,2978.993459,2010.820585,1610.266735
Dar16C_hiP,16ADB04223.000,4223,DAA_118,R1,T371,B10,42,4,40,82,28,11.3,63,258.552,2214.728372,1708.504744,1201.213199
Dar16C_hiP,16ADB04306.000,4306,DAB_514,R1,T70,B16,42,5,40,82,22,12,58,278.343,2373.467442,2330.313488,1282.955374
Dar16C_hiP,16ADB04355.000,4355,DAB_605,R1,T106,B16,42,6,40,80,28,11.4,56,349.272,2991.826047,2307.980093,1620.862099
Dar16C_hiP,16ADB04438.000,4438,DAB_924,R2,T22,B4,42,7,39,81,31,11.2,52,444.528,3807.778605,2653.161866,2067.572093
Dar16C_hiP,16ADB04487.000,4487,DAB_233,R2,T89,B4,42,8,37,80,30,11.4,55,349.272,2991.826047,2154.114753,1620.862099
Dar16C_hiP,16ADB04570.000,4570,DAB_353,R2,T74,B10,42,9,40,81,25,11.6,49,249.48,2137.018605,1846.384074,1155.145192
Dar16C_hiP,16ADB04619.000,4619,ACC_029,R2,T45,B10,42,10,47,83,19,11.6,52,182.52,1556.372093,1769.349327,845.1062225
Dar16C_hiP,16ADB04702.000,4702,DAA_010,R2,T261,B16,42,11,39,80,29,12.5,51,387.855,3288.499273,2449.364976,1777.567175
Dar16C_hiP,16ADB04751.000,4751,DAB_256,R2,T75,B16,42,12,38,80,27,11.6,52,176.904,1513.626279,1210.901023,819.1029541
Dar16C_hiP,16ADB04043.000,4043,SAB_516,R1,T179,B4,43,1,43,80,30,11.6,53,237.276,2023.283721,1456.764279,1098.638089
Dar16C_hiP,16ADB04090.000,4090,SAB_686,R1,T384,B4,43,2,46,83,24,11.5,57,296.595,2540.600581,2286.540523,1374.851116
Dar16C_hiP,16ADB04175.000,4175,LPA_122,R1,T292,B10,43,3,43,83,30,11.4,55,249.48,2137.018605,1538.653395,1157.758642
Dar16C_hiP,16ADB04222.000,4222,LPA_773,R1,T301,B10,43,4,40,82,27,11.6,56,104.949,898.9817442,719.1853953,485.9360779
Dar16C_hiP,16ADB04307.000,4307,SAB_711,R1,T178,B16,43,5,38,81,25,11.6,42,172.368,1473.145116,1272.79738,798.1003143
Dar16C_hiP,16ADB04354.000,4354,DAB_062,R1,T155,B16,43,6,40,81,27,11.4,52,322.056,2758.696744,2206.957395,1494.561157
Dar16C_hiP,16ADB04439.000,4439,DAB_534,R2,T96,B4,43,7,40,82,29,13.5,66,305.721,2562.487064,1908.611055,1385.128143
Dar16C_hiP,16ADB04486.000,4486,CMB_010,R2,T282,B4,43,8,40,82,23,12.2,61,385.56,3280.248837,3080.581517,1773.10748
Dar16C_hiP,16ADB04571.000,4571,DAB_258,R2,T86,B10,43,9,40,82,23,12.5,53,272.16,2307.55814,2167.098079,1247.328724
Dar16C_hiP,16ADB04618.000,4618,DAA_018,R2,T347,B10,43,10,46,82,25,12.2,57,246.402,2096.327093,1811.226608,1133.14978
Dar16C_hiP,16ADB04703.000,4703,DAN_021,R2,T250,B16,43,11,46,81,25,11.6,57,196.209,1680.705,1452.12912,908.4891892
Dar16C_hiP,16ADB04750.000,4750,DAB_585,R2,T125,B16,43,12,46,84,23,11.6,48,159.705,1368.015698,1284.745177,739.4679447
Dar16C_hiP,16ADB04044.000,4044,DAB_555,R1,T91,B4,44,1,38,79,27,11.2,48,273.78,2345.169767,1876.135814,1273.395349
Dar16C_hiP,16ADB04089.000,4089,DAA_027,R1,T350,B4,44,2,46,84,21,11.6,56,200.772,1708.118372,1756.921754,929.6168448
Dar16C_hiP,16ADB04176.000,4176,DAB_570,R1,T105,B10,44,3,43,83,28,11.6,61,181.44,1545.404651,1192.169302,840.105594
Dar16C_hiP,16ADB04221.000,4221,LPA_573,R1,T298,B10,44,4,49,81,29,11.6,47,136.08,1165.646512,868.2056776,630.0791955
Dar16C_hiP,16ADB04308.000,4308,DAB_903,R1,T15,B16,44,5,39,81,23,11.3,55,299.376,2564.422326,2408.327054,1390.878441
Dar16C_hiP,16ADB04353.000,4353,DAB_586,R1,T126,B16,44,6,40,82,29,11.6,49,294.84,2525.567442,1881.112302,1365.17159
Dar16C_hiP,16ADB04440.000,4440,BRB_191,R2,T189,B4,44,7,47,84,22,11.1,50,258.552,2214.728372,2174.460584,1203.921684
Dar16C_hiP,16ADB04485.000,4485,LPA_111,R2,T291,B4,44,8,40,82,30,12,60,353.808,2172.216558,2172.216558,1630.793212
Dar16C_hiP,16ADB04572.000,4572,DAB_520,R2,T94,B10,44,9,39,80,28,12,52,399.168,3403.75814,2625.756279,1839.869265
Dar16C_hiP,16ADB04617.000,4617,DAB_489,R2,T68,B10,44,10,38,79,26,11.6,56,337.662,2892.376047,2402.897023,1563.446512
Dar16C_hiP,16ADB04704.000,4704,DAA_086,R2,T355,B16,44,11,38,81,27,11.6,55,182.52,1549.297674,1239.43814,845.1062225
Dar16C_hiP,16ADB04749.000,4749,DAB_939,R2,T50,B16,44,12,38,80,30,11.9,53,296.595,2531.978634,1823.024616,1368.637099
Dar16C_hiP,16ADB04045.000,4045,LPA_071,R1,T290,B5,45,1,44,83,31,11.6,55,164.268,1397.551395,973.7777464,760.5956003
Dar16C_hiP,16ADB04088.000,4088,DAB_256,R1,T75,B5,45,2,46,82,28,12.3,60,246.402,2093.939477,1615.324739,1131.859177
Dar16C_hiP,16ADB04177.000,4177,DAA_018,R1,T347,B11,45,3,43,84,26,11.2,59,282.906,2423.342093,2013.238047,1315.84186
Dar16C_hiP,16ADB04220.000,4220,LPA_111,R1,T291,B11,45,4,42,80,28,11.6,59,167.832,1427.873023,1101.502047,777.0976744
Dar16C_hiP,16ADB04309.000,4309,NUA_035,R1,T5,B17,45,5,39,82,27,11.2,51,381.024,3263.810233,2611.048186,1772.204651
Dar16C_hiP,16ADB04352.000,4352,LPA_568,R1,T296,B17,45,6,40,81,28,11.6,49,272.16,2331.293023,1798.426047,1260.158391
Dar16C_hiP,16ADB04441.000,4441,DAA_091,R2,T363,B5,45,7,38,81,29,11.7,58,335.664,2872.008837,2139.15141,1552.437209
Dar16C_hiP,16ADB04484.000,4484,DAB_555,R2,T91,B5,45,8,38,80,28,11.3,49,362.88,3108.390698,2397.901395,1685.913262
Dar16C_hiP,16ADB04573.000,4573,DAB_587,R2,T128,B11,45,9,39,81,28,11.2,55,435.456,3730.068837,2877.481674,2025.376744
Dar16C_hiP,16ADB04616.000,4616,SAB_711,R2,T178,B11,45,10,40,81,26,11.3,42,305.721,2618.772907,2175.595953,1420.356835
Dar16C_hiP,16ADB04705.000,4705,DAA_011,R2,T320,B17,45,11,40,79,29,12.3,48,241.839,2055.16282,1530.741962,1110.898821
Dar16C_hiP,16ADB04748.000,4748,DAA_117,R2,T370,B17,45,12,40,81,29,11.2,55,273.78,2345.169767,1746.747137,1273.395349
Dar16C_hiP,16ADB04046.000,4046,DAB_545,R1,T97,B5,46,1,38,79,29,11.6,52,237.276,2032.480465,1513.847519,1098.638089
Dar16C_hiP,16ADB04087.000,4087,DAA_086,R1,T355,B5,46,2,43,80,25,11.8,55,314.847,2690.843547,2324.888824,1454.510025
Dar16C_hiP,16ADB04178.000,4178,DAA_124,R1,T324,B11,46,3,43,82,27,11.6,55,290.304,2486.712558,1989.370047,1344.16895
Dar16C_hiP,16ADB04219.000,4219,DAB_441,R1,T69,B11,46,4,42,79,29,10.9,58,264.654,2266.997442,1688.522233,1235.107448
Dar16C_hiP,16ADB04310.000,4310,DAB_251,R1,T395,B17,46,5,40,83,22,11.8,54,285.768,2442.319535,2397.913725,1320.172722
Dar16C_hiP,16ADB04351.000,4351,LPA_426,R1,T308,B17,46,6,40,82,27,11.3,55,333.099,2853.289884,2282.631907,1547.55297
Dar16C_hiP,16ADB04442.000,4442,LPA_773,R2,T301,B5,46,7,48,84,24,11.6,62,214.461,2041.166279,1653.344686,992.9998114
Dar16C_hiP,16ADB04483.000,4483,LPA_406,R2,T306,B5,46,8,46,83,28,12.4,56,326.592,2772.234419,2138.580837,1498.505091
Dar16C_hiP,16ADB04574.000,4574,DAN_012,R2,T241,B11,46,9,48,85,29,11.5,54,498.96,4274.037209,3183.420818,2312.903834
Dar16C_hiP,16ADB04615.000,4615,DAB_614,R2,T392,B11,46,10,39,78,26,11.6,53,365.04,3126.893023,2597.726512,1690.212445
Dar16C_hiP,16ADB04706.000,4706,SAA_017,R2,T223,B17,46,11,45,83,30,11.8,57,360.477,3080.820872,2218.191028,1665.30858
Dar16C_hiP,16ADB04747.000,4747,DAZ_004,R2,T311,B17,46,12,39,81,29,11.6,53,232.713,1993.394302,1484.735067,1077.510434
Dar16C_hiP,16ADB04047.000,4047,SAB_576,R1,T182,B5,47,1,46,NA,31,11.6,44,159.705,1364.92064,951.0414779,739.4679447
Dar16C_hiP,16ADB04086.000,4086,DAB_624,R1,T147,B5,47,2,43,80,22,11.5,53,314.847,2696.945233,2647.909865,1459.457338
Dar16C_hiP,16ADB04179.000,4179,DAA_153,R1,T314,B11,47,3,42,82,35,11.6,45,199.584,1701.87907,1050.302512,924.1161534
Dar16C_hiP,16ADB04218.000,4218,DAB_494,R1,T67,B11,47,4,39,81,28,11.2,51,285.768,2447.857674,1888.347349,1329.153488
Dar16C_hiP,16ADB04311.000,4311,DAB_614,R1,T392,B17,47,5,39,81,28,11.8,56,323.973,2768.839012,2135.961523,1496.669736
Dar16C_hiP,16ADB04350.000,4350,DAB_937,R1,T49,B17,47,6,38,80,34,11.1,56,317.52,2719.84186,1727.899535,1478.500314
Dar16C_hiP,16ADB04443.000,4443,DAD_036,R2,T205,B5,47,7,40,83,27,11.6,46,199.584,1698.011163,1358.40893,924.1161534
Dar16C_hiP,16ADB04482.000,4482,SEQ_1006,R2,T198,B5,47,8,48,85,27,11.3,55,322.056,2758.696744,2206.957395,1496.24802
Dar16C_hiP,16ADB04575.000,4575,LPA_573,R2,T298,B11,47,9,48,85,23,11.6,49,172.368,1463.123721,1374.064016,798.1003143
Dar16C_hiP,16ADB04614.000,4614,SAB_516,R2,T179,B11,47,10,48,82,24,11.6,60,223.587,1915.221977,1723.699779,1035.255123
Dar16C_hiP,16ADB04707.000,4707,DAB_109,R2,T218,B17,47,11,44,83,27,12.2,49,264.654,2251.610581,1801.288465,1217.086801
Dar16C_hiP,16ADB04746.000,4746,ACC_010,R2,T38,B17,47,12,40,82,27,11.6,42,228.15,1934.411337,1547.52907,1056.382778
Dar16C_hiP,16ADB04048.000,4048,DAB_344,R1,T73,B5,48,1,40,82,32,11.2,49,323.973,2775.117558,1873.204352,1506.851163
Dar16C_hiP,16ADB04085.000,4085,DAA_006,R1,T260,B5,48,2,43,80,22,11.6,47,209.898,1793.895698,1761.279412,971.8721559
Dar16C_hiP,16ADB04180.000,4180,DAB_374,R1,T79,B11,48,3,44,82,29,11.4,52,264.654,2266.997442,1688.522233,1228.17643
Dar16C_hiP,16ADB04217.000,4217,DAB_923,R1,T8,B11,48,4,39,82,31,11.1,45,285.768,2447.857674,1705.604057,1330.650283
Dar16C_hiP,16ADB04312.000,4312,ACC_012,R1,T35,B17,48,5,40,82,32,11.2,55,376.488,3224.955349,2176.84486,1751.106977
Dar16C_hiP,16ADB04349.000,4349,DAA_113,R1,T366,B17,48,6,47,82,22,11.1,65,292.032,2501.514419,2456.032338,1359.817976
Dar16C_hiP,16ADB04444.000,4444,DAZ_005,R2,T318,B5,48,7,40,82,24,11.2,58,362.88,3108.390698,2797.551628,1687.813953
Dar16C_hiP,16ADB04481.000,4481,DAB_244,R2,T78,B5,48,8,48,85,27,11.4,60,344.736,2952.971163,2362.37693,1599.811942
Dar16C_hiP,16ADB04576.000,4576,DAB_925,R2,T58,B11,48,9,39,80,25,11.5,55,394.632,3380.374884,2920.6439,1829.296669
Dar16C_hiP,16ADB04613.000,4613,AMADEUS,R2,T379,B11,48,10,45,84,29,11.8,29,374.166,3197.81407,2381.820135,1728.548146
Dar16C_hiP,16ADB04708.000,4708,SEF_060,R2,T386,B17,48,11,37,80,30,11.2,28,474.552,4064.96093,2926.77187,2207.218605
Dar16C_hiP,16ADB04745.000,4745,DAB_402,R2,T90,B17,48,12,45,81,30,11.4,60,292.032,2501.514419,1801.090381,1355.229164
Dar16C_hiP,16ADB04049.000,4049,SAA_015,R1,T222,B5,49,1,40,81,26,11.1,49,241.839,2071.566628,1720.993814,1126.099261
Dar16C_hiP,16ADB04084.000,4084,G4523,R1,T152,B5,49,2,41,81,25,11.4,45,342.225,2931.462209,2532.783349,1588.159177
Dar16C_hiP,16ADB04181.000,4181,CMB_043,R1,T280,B11,49,3,43,83,24,11.3,56,290.304,2486.712558,2238.041302,1348.73061
Dar16C_hiP,16ADB04216.000,4216,DAA_096,R1,T362,B11,49,4,43,83,31,11.3,57,358.344,3069.535814,2138.773341,1664.839346
Dar16C_hiP,16ADB04313.000,4313,DAN_029,R1,T267,B17,49,5,40,82,26,11.8,57,326.592,2791.222326,2318.861624,1508.768825
Dar16C_hiP,16ADB04348.000,4348,DAB_402,R1,T90,B17,49,6,39,79,29,12.2,55,349.272,2971.519535,2213.269723,1606.226776
Dar16C_hiP,16ADB04445.000,4445,DAN_033,R2,T271,B5,49,7,39,81,19,11.5,62,358.344,3069.535814,3489.577557,1661.085481
Dar16C_hiP,16ADB04480.000,4480,DAA_014,R2,T330,B5,49,8,38,79,27,11.8,59,426.384,3644.095814,2915.276651,1969.781521
Dar16C_hiP,16ADB04577.000,4577,TIO_CANELA_75,R2,T211,B11,49,9,47,84,28,11.8,24,489.888,4186.833488,3229.842977,2263.153237
Dar16C_hiP,16ADB04612.000,4612,DAB_588,R2,T130,B11,49,10,40,81,28,11.4,44,406.107,3478.668488,2683.544262,1884.615556
Dar16C_hiP,16ADB04709.000,4709,DAB_940,R2,T23,B17,49,11,38,81,28,10.9,55,342.225,2931.462209,2261.413704,1597.1217
Dar16C_hiP,16ADB04744.000,4744,AFR_722,R2,T220,B17,49,12,48,82,32,12.1,58,337.662,2876.016453,1941.311106,1554.603488
Dar16C_hiP,16ADB04050.000,4050,DAB_940,R1,T23,B5,50,1,39,81,26,12.1,51,246.402,2098.714709,1743.547605,1134.440383
Dar16C_hiP,16ADB04083.000,4083,LPA_777,R1,T305,B5,50,2,47,82,21,11.6,54,228.15,1934.411337,1989.680233,1056.382778
Dar16C_hiP,16ADB04182.000,4182,DAN_019,R1,T248,B11,50,3,43,83,29,11.6,53,167.832,1436.004419,1069.575705,777.0976744
Dar16C_hiP,16ADB04215.000,4215,DAB_602,R1,T98,B11,50,4,49,82,32,11.7,56,312.984,2677.954186,1807.619076,1447.542803
Dar16C_hiP,16ADB04314.000,4314,DAA_012,R1,T309,B17,50,5,48,84,31,11.7,62,378.729,3240.481657,2257.883993,1751.611706
Dar16C_hiP,16ADB04347.000,4347,DAB_584,R1,T123,B17,50,6,48,82,23,11.6,46,222.264,1903.889302,1788.000388,1029.129353
Dar16C_hiP,16ADB04446.000,4446,CMB_018,R2,T285,B5,50,7,47,84,22,11.6,54,232.713,1988.88436,1952.722827,1077.510434
Dar16C_hiP,16ADB04479.000,4479,DAA_113,R2,T366,B5,50,8,48,85,25,11.6,65,371.952,3186.100465,2752.790802,1722.216468
Dar16C_hiP,16ADB04578.000,4578,ACC_017,R2,T25,B11,50,9,46,84,26,11.6,54,117.936,1010.226977,839.2654884,546.0686361
Dar16C_hiP,16ADB04611.000,4611,DAA_041,R2,T346,B11,50,10,46,82,26,11.1,60,310.284,2657.85907,2208.067535,1444.8066
Dar16C_hiP,16ADB04710.000,4710,DAA_044,R2,T351,B17,50,11,38,81,29,12.2,56,369.603,3144.49064,2342.103373,1699.72467
Dar16C_hiP,16ADB04743.000,4743,KAT_B9,R2,T204,B17,50,12,38,80,29,11.6,49,232.713,1975.354535,1471.29855,1077.510434
Dar16C_hiP,16ADB04051.000,4051,CAL_096,R1,T64,B5,51,1,40,NA,28,11.8,69,246.402,2105.877558,1624.534116,1138.312194
Dar16C_hiP,16ADB04082.000,4082,NUA_398,R1,T228,B5,51,2,48,NA,20,11.6,50,54.756,506.5566698,506.5566698,253.5318668
Dar16C_hiP,16ADB04183.000,4183,DAB_049,R1,T212,B11,51,3,40,83,32,11.4,28,392.418,3361.41,2268.95175,1821.089189
Dar16C_hiP,16ADB04214.000,4214,DAB_619,R1,T134,B11,51,4,40,81,29,12.4,52,319.41,2711.27093,2019.429383,1465.551854
Dar16C_hiP,16ADB04315.000,4315,BRB_264,R1,T192,B17,51,5,39,81,29,11.5,41,390.096,3341.52,2488.856276,1808.27027
Dar16C_hiP,16ADB04346.000,4346,DAN_059,R1,T337,B17,51,6,40,82,30,11.2,58,353.808,3030.68093,2182.09027,1645.618605
Dar16C_hiP,16ADB04447.000,4447,DAN_019,R2,T248,B5,51,7,38,80,21,11.7,53,272.16,2328.655814,2395.188837,1258.732872
Dar16C_hiP,16ADB04478.000,4478,DAB_589,R2,T132,B5,51,8,39,80,23,12.4,56,335.664,2849.24093,2675.808874,1540.130233
Dar16C_hiP,16ADB04579.000,4579,DAB_914,R2,T18,B11,51,9,46,83,27,11.8,51,290.304,2481.086512,1984.869209,1341.127844
Dar16C_hiP,16ADB04610.000,4610,ACC_026,R2,T48,B11,51,10,46,84,25,11.6,46,232.713,1982.119448,1712.551203,1077.510434
Dar16C_hiP,16ADB04711.000,4711,DAA_016,R2,T354,B17,51,11,45,84,28,11.9,43,323.973,2765.699738,2133.539798,1494.972832
Dar16C_hiP,16ADB04742.000,4742,DAB_919,R2,T24,B17,51,12,45,83,27,11.6,46,200.772,1713.954767,1371.163814,929.6168448
Dar16C_hiP,16ADB04052.000,4052,DAB_573,R1,T109,B5,52,1,40,79,28,11.6,53,337.662,2892.376047,2231.261522,1563.446512
Dar16C_hiP,16ADB04081.000,4081,DAB_541,R1,T71,B5,52,2,39,79,25,11.6,53,205.335,1758.877326,1519.670009,950.7445003
Dar16C_hiP,16ADB04184.000,4184,DAA_010,R1,T261,B11,52,3,40,81,29,11.1,59,290.304,2486.712558,1852.172112,1351.771716
Dar16C_hiP,16ADB04213.000,4213,SEQ_1004,R1,T197,B11,52,4,43,82,32,11.4,57,424.359,3635.01314,2453.633869,1969.317379
Dar16C_hiP,16ADB04316.000,4316,CMB_018,R1,T285,B17,52,5,44,83,28,11.6,55,264.654,2266.997442,1748.826598,1225.404023
Dar16C_hiP,16ADB04345.000,4345,ACC_026,R1,T48,B17,52,6,40,82,30,11.6,42,217.728,1865.034419,1342.824781,1008.126713
Dar16C_hiP,16ADB04448.000,4448,DAB_610,R2,T121,B5,52,7,48,85,29,11.4,47,317.52,2719.84186,2025.813248,1473.510999
Dar16C_hiP,16ADB04477.000,4477,DAN_027,R2,T265,B5,52,8,38,81,28,12.4,60,340.2,2887.744186,2227.688372,1560.942803
Dar16C_hiP,16ADB04580.000,4580,DAB_366,R2,T87,B11,52,9,47,83,27,11.4,58,498.96,4274.037209,3419.229767,2315.517285
Dar16C_hiP,16ADB04609.000,4609,DAA_120,R2,T373,B11,52,10,46,81,28,11.6,48,219.024,1876.135814,1447.304771,1014.127467
Dar16C_hiP,16ADB04712.000,4712,SUG_131,R2,T200,B17,52,11,46,85,27,12.1,52,269.217,2293.040145,1834.432116,1239.48116
Dar16C_hiP,16ADB04741.000,4741,DAB_938,R2,T59,B17,52,12,39,81,32,11.2,49,260.091,2227.911279,1503.840113,1209.725581
Dar16C_hiP,16ADB04053.000,4053,LPA_530,R1,T165,B5,53,1,38,79,28,11.6,43,182.52,1563.446512,1206.087309,845.1062225
Dar16C_hiP,16ADB04080.000,4080,SUG_131,R1,T200,B5,53,2,48,83,26,11.6,60,223.587,1910.888895,1587.507698,1035.255123
Dar16C_hiP,16ADB04185.000,4185,DAB_494,R1,T376,B11,53,3,39,79,28,11.1,45,312.984,2680.986977,2068.189953,1457.378881
Dar16C_hiP,16ADB04212.000,4212,DAB_295,R1,T66,B11,53,4,40,82,27,11.2,57,317.52,2719.84186,2175.873488,1476.837209
Dar16C_hiP,16ADB04317.000,4317,LPA_732,R1,T170,B17,53,5,48,84,21,11.5,58,281.232,2409.002791,2477.831442,1303.636706
Dar16C_hiP,16ADB04344.000,4344,ACC_011,R1,T29,B17,53,6,39,81,23,11.3,49,263.088,2253.583256,2116.408623,1222.287115
Dar16C_hiP,16ADB04449.000,4449,SAB_659,R2,T176,B5,53,7,38,81,32,11.7,60,276.696,2367.466744,1598.040052,1279.711754
Dar16C_hiP,16ADB04476.000,4476,DOR_390,R2,T378,B5,53,8,47,85,26,11.3,23,453.6,3885.488372,3227.944186,2107.391578
Dar16C_hiP,16ADB04581.000,4581,CMB_004,R2,T278,B11,53,9,47,84,25,12,52,349.272,2978.288372,2573.241153,1609.885607
Dar16C_hiP,16ADB04608.000,4608,PVA_773,R2,T184,B11,53,10,45,83,27,11.7,58,301.158,2576.768547,2061.414837,1392.847863
Dar16C_hiP,16ADB04713.000,4713,DAN_010,R2,T239,B17,53,11,44,84,27,11.6,42,155.142,1328.929535,1063.143628,718.3402891
Dar16C_hiP,16ADB04740.000,4740,DAB_571,R2,T107,B17,53,12,46,84,27,11.5,61,360.477,3087.80686,2470.245488,1670.972894
Dar16C_hiP,16ADB04054.000,4054,DAA_029,R1,T348,B5,54,1,38,81,21,11.6,63,232.713,1986.62939,2043.390229,1077.510434
Dar16C_hiP,16ADB04079.000,4079,DOR_364,R1,T387,B5,54,2,46,82,36,12.4,23,433.485,3679.581977,2207.749186,1988.963231
Dar16C_hiP,16ADB04186.000,4186,LPA_467,R1,T162,B11,54,3,43,82,17,11.6,23,31.752,271.984186,345.579907,147.0184789
Dar16C_hiP,16ADB04211.000,4211,ACC_023,R1,T28,B11,54,4,39,81,32,11.2,47,335.664,2875.261395,1940.801442,1561.227907
Dar16C_hiP,16ADB04318.000,4318,AFR_619,R1,T100,B17,54,5,47,82,28,12.5,47,310.284,2630.799419,2029.473837,1422.05374
Dar16C_hiP,16ADB04343.000,4343,DAB_525,R1,T92,B17,54,6,38,80,22,11.9,56,301.158,2570.932151,2524.18793,1389.693055
Dar16C_hiP,16ADB04450.000,4450,ACC_003,R2,T30,B5,54,7,47,84,23,11.6,51,196.209,1659.79125,1558.760478,908.4891892
Dar16C_hiP,16ADB04475.000,4475,MAZ_021,R2,T172,B5,54,8,48,85,28,11.6,52,181.44,1552.437209,1197.594419,840.105594
Dar16C_hiP,16ADB04582.000,4582,DAB_572,R2,T108,B11,54,9,47,83,28,11.3,49,267.624,2292.43814,1768.452279,1243.361031
Dar16C_hiP,16ADB04607.000,4607,SAB_259,R2,T195,B11,54,10,46,83,27,11.6,46,346.788,2970.548372,2376.438698,1605.701823
Dar16C_hiP,16ADB04714.000,4714,DAN_031,R2,T269,B17,54,11,38,80,26,11.9,53,269.217,2298.257529,1909.32164,1242.301367
Dar16C_hiP,16ADB04739.000,4739,SAP_001-16,R2,T226,B17,54,12,39,80,27,11.3,52,292.032,2501.514419,2001.211535,1356.758768
Dar16C_hiP,16ADB04055.000,4055,DAN_001,R1,T230,B5,55,1,39,81,25,11.6,49,173.394,1485.274186,1283.276897,802.8509114
Dar16C_hiP,16ADB04078.000,4078,SEQ_1027,R1,T199,B5,55,2,46,83,30,11.6,48,237.276,2032.480465,1463.385935,1098.638089
Dar16C_hiP,16ADB04187.000,4187,DAB_592,R1,T136,B11,55,3,40,83,28,11.6,49,173.394,1483.594012,1144.486809,802.8509114
Dar16C_hiP,16ADB04210.000,4210,DAN_016,R1,T245,B11,55,4,40,80,29,11.6,57,150.579,1289.843372,960.7109254,697.2126336
Dar16C_hiP,16ADB04319.000,4319,DAB_594,R1,T138,B17,55,5,39,81,26,11.3,55,308.448,2642.132093,2195.002047,1433.026273
Dar16C_hiP,16ADB04342.000,4342,DAA_166,R1,T342,B17,55,6,40,81,29,12.3,59,383.292,3257.239186,2426.081601,1760.66983
Dar16C_hiP,16ADB04451.000,4451,SER_118,R2,T383,B5,55,7,47,85,29,11.4,27,417.312,3574.649302,2662.497411,1936.614456
Dar16C_hiP,16ADB04474.000,4474,TIO_CANELA_75,R2,T382,B5,55,8,47,84,30,11.5,24,503.496,4312.892093,3105.282307,2333.930233
Dar16C_hiP,16ADB04583.000,4583,DAB_398,R2,T85,B11,55,9,46,83,27,11.3,49,299.376,2564.422326,2051.53786,1390.878441
Dar16C_hiP,16ADB04606.000,4606,CAL_143,R2,T63,B11,55,10,47,85,26,11.3,49,333.099,2853.289884,2370.425442,1547.55297
Dar16C_hiP,16ADB04715.000,4715,LPA_770,R2,T297,B17,55,11,44,82,28,11.6,54,223.587,1915.221977,1477.456953,1035.255123
Dar16C_hiP,16ADB04738.000,4738,DAA_008,R2,T263,B17,55,12,45,83,27,11.5,48,296.595,2540.600581,2032.480465,1374.851116
Dar16C_hiP,16ADB04056.000,4056,DAB_914,R1,T18,B6,56,1,40,83,21,11.6,53,200.772,1719.791163,1768.928053,929.6168448
Dar16C_hiP,16ADB04077.000,4077,DAA_119,R1,T372,B6,56,2,45,84,32,11.6,50,59.319,508.1201163,342.9810785,274.6595223
Dar16C_hiP,16ADB04188.000,4188,RMA_072,R1,T188,B12,56,3,40,81,31,11.7,48,249.48,2134.601163,1487.335004,1153.838466
Dar16C_hiP,16ADB04209.000,4209,ACC_010,R1,T38,B12,56,4,39,79,27,12.3,50,241.839,2055.16282,1644.130256,1110.898821
Dar16C_hiP,16ADB04320.000,4320,DAB_398,R1,T85,B18,56,5,47,82,32,11.2,51,317.52,2719.84186,1835.893256,1476.837209
Dar16C_hiP,16ADB04341.000,4341,DAB_904,R1,T19,B18,56,6,38,80,31,11.3,49,303.912,2603.277209,1813.896378,1411.952357
Dar16C_hiP,16ADB04452.000,4452,SEQ_1003,R2,T196,B6,56,7,45,85,27,11.8,42,290.304,2481.086512,1984.869209,1341.127844
Dar16C_hiP,16ADB04473.000,4473,AFR_298,R2,T381,B6,56,8,48,85,25,11.3,51,263.088,2253.583256,1947.095933,1222.287115
Dar16C_hiP,16ADB04584.000,4584,CMB_073,R2,T276,B12,56,9,45,83,27,11.8,51,240.408,2054.649767,1643.719814,1110.621496
Dar16C_hiP,16ADB04605.000,4605,DAA_051,R2,T331,B12,56,10,42,82,26,11.1,64,260.091,2227.911279,1850.88014,1211.087885
Dar16C_hiP,16ADB04716.000,4716,DRK_149,R2,T194,B18,56,11,44,83,29,11.5,55,246.402,2110.652791,1572.072423,1142.184004
Dar16C_hiP,16ADB04737.000,4737,DAA_003,R2,T257,B18,56,12,45,83,26,11.6,50,228.15,1941.043605,1612.559302,1056.382778
Dar16C_hiP,16ADB04057.000,4057,LPA_146,R1,T293,B6,57,1,42,83,19,12.3,59,292.032,2481.706047,2821.307927,1341.462728
Dar16C_hiP,16ADB04076.000,4076,DAB_610,R1,T121,B6,57,2,46,83,26,11.6,41,200.772,1719.791163,1428.749581,929.6168448
Dar16C_hiP,16ADB04189.000,4189,NUA_291,R1,T221,B12,57,3,43,83,29,11.6,50,181.44,1554.195349,1157.60757,840.105594
Dar16C_hiP,16ADB04208.000,4208,DRK_149,R1,T194,B12,57,4,40,82,27,11.6,57,303.912,2603.277209,2082.621767,1407.17687
Dar16C_hiP,16ADB04321.000,4321,SAB_686,R1,T177,B18,57,5,47,82,28,11.2,48,294.84,2525.567442,1948.294884,1371.348837
Dar16C_hiP,16ADB04340.000,4340,DAB_932,R1,T394,B18,57,6,39,81,30,11.6,46,208.656,1787.324651,1286.873749,966.1214331
Dar16C_hiP,16ADB04453.000,4453,DAB_607,R2,T115,B6,57,7,47,85,28,12,57,272.16,2320.744186,1790.288372,1254.456317
Dar16C_hiP,16ADB04472.000,4472,DAB_525,R2,T92,B6,57,8,38,81,25,11.5,54,326.592,2797.551628,2417.084607,1513.900691
Dar16C_hiP,16ADB04585.000,4585,DAB_615,R2,T129,B12,57,9,42,81,29,11.5,48,308.448,2642.132093,1967.932869,1429.795097
Dar16C_hiP,16ADB04604.000,4604,DAB_065,R2,T156,B12,57,10,42,81,28,11.9,54,369.603,3155.234913,2434.038361,1705.532385
Dar16C_hiP,16ADB04717.000,4717,CMB_014,R2,T277,B18,57,11,45,84,26,11.7,47,292.032,2498.684651,2075.830326,1350.640352
Dar16C_hiP,16ADB04736.000,4736,RAA_021,R2,T185,B18,57,12,46,85,30,11.6,47,374.166,3205.065349,2307.647051,1732.467756
Dar16C_hiP,16ADB04058.000,4058,DAB_578,R1,T116,B6,58,1,41,80,26,11.6,48,141.453,1208.929709,1004.341605,654.9573224
Dar16C_hiP,16ADB04075.000,4075,ICA_CALIMA,R1,T380,B6,58,2,40,80,31,11.6,51,100.386,859.8955814,599.1530503,464.8084224
Dar16C_hiP,16ADB04190.000,4190,SAB_659,R1,T385,B12,58,3,39,81,29,11.6,53,222.264,1903.889302,1418.069273,1029.129353
Dar16C_hiP,16ADB04207.000,4207,DAB_617,R1,T133,B12,58,4,40,80,26,11.8,52,254.016,2170.950698,1803.559041,1173.486864
Dar16C_hiP,16ADB04322.000,4322,DAB_187,R1,T160,B18,58,5,40,80,31,11.2,35,308.448,2642.132093,1840.969458,1434.64186
Dar16C_hiP,16ADB04339.000,4339,BRB_198,R1,T190,B18,58,6,49,85,30,12,58,260.091,2217.830233,1596.837767,1198.827153
Dar16C_hiP,16ADB04454.000,4454,DAN_024,R2,T253,B6,58,7,40,82,26,12.1,57,276.696,2356.742093,1957.908816,1273.914645
Dar16C_hiP,16ADB04471.000,4471,SAA_020,R2,T224,B6,58,8,39,81,24,11.2,50,367.416,3147.245581,2832.521023,1708.911628
Dar16C_hiP,16ADB04586.000,4586,DAB_231,R2,T76,B12,58,9,47,83,27,12.1,52,294.84,2511.282558,2009.026047,1357.450031
Dar16C_hiP,16ADB04603.000,4603,DAN_003,R2,T232,B12,58,10,47,84,26,11.6,59,196.209,1680.705,1396.278,908.4891892
Dar16C_hiP,16ADB04718.000,4718,DAB_612,R2,T124,B18,58,11,46,85,26,11.6,47,141.453,1202.076366,998.6480581,654.9573224
Dar16C_hiP,16ADB04735.000,4735,LPA_777,R2,T305,B18,58,12,46,84,28,12.9,53,387.855,3273.466134,2525.245303,1769.441153
Dar16C_hiP,16ADB04059.000,4059,DAN_023,R1,T252,B6,59,1,39,80,23,11.6,50,146.016,1242.267907,1166.6516,676.084978
Dar16C_hiP,16ADB04074.000,4074,DAA_115,R1,T368,B6,59,2,47,85,25,11.6,46,100.386,859.8955814,742.9497823,464.8084224
Dar16C_hiP,16ADB04191.000,4191,LPA_546,R1,T166,B12,59,3,39,81,27,11.6,55,159.705,1357.182994,1085.746395,739.4679447
Dar16C_hiP,16ADB04206.000,4206,CMB_103,R1,T272,B12,59,4,40,82,24,11.6,52,167.832,1424.620465,1282.158419,777.0976744
Dar16C_hiP,16ADB04323.000,4323,LPA_164,R1,T294,B18,59,5,40,82,35,11.2,54,249.48,2137.018605,1318.845767,1160.372093
Dar16C_hiP,16ADB04338.000,4338,DAA_094,R1,T358,B18,59,6,47,82,27,11.3,60,264.654,2266.997442,1813.597953,1229.562634
Dar16C_hiP,16ADB04455.000,4455,DAB_617,R2,T133,B6,59,7,39,81,25,11.4,50,367.416,3147.245581,2719.220182,1705.062728
Dar16C_hiP,16ADB04470.000,4470,DAB_905,R2,T7,B6,59,8,38,81,26,11.6,42,240.408,2059.308837,1710.810419,1113.139912
Dar16C_hiP,16ADB04587.000,4587,CMB_057,R2,T284,B12,59,9,47,85,22,12.1,57,276.696,2356.742093,2313.892237,1273.914645
Dar16C_hiP,16ADB04602.000,4602,SEQ_1027,R2,T199,B12,59,10,48,84,26,11.3,51,287.469,2462.428256,2045.709628,1335.559412
Dar16C_hiP,16ADB04719.000,4719,DAB_569,R2,T104,B18,59,11,46,85,24,12.1,54,328.536,2798.286279,2518.457651,1512.587178
Dar16C_hiP,16ADB04734.000,4734,ACC_009,R2,T27,B18,59,12,45,84,30,11.5,52,319.41,2736.031395,1969.942605,1480.608894
Dar16C_hiP,16ADB04060.000,4060,LPA_778,R1,T307,B6,60,1,40,81,25,11.6,62,150.579,1289.843372,1114.424673,697.2126336
Dar16C_hiP,16ADB04073.000,4073,DAB_106,R1,T217,B6,60,2,43,83,25,11.6,47,205.335,1758.877326,1519.670009,950.7445003
Dar16C_hiP,16ADB04192.000,4192,DAB_905,R1,T7,B12,60,3,39,80,27,11.6,39,117.936,1010.226977,808.1815814,546.0686361
Dar16C_hiP,16ADB04205.000,4205,DAB_579,R1,T117,B12,60,4,39,80,27,11.6,61,187.083,1597.094215,1277.675372,866.2338781
Dar16C_hiP,16ADB04324.000,4324,DAB_277,R1,T83,B18,60,5,37,80,31,11.6,56,228.15,1954.30814,1361.711478,1056.382778
Dar16C_hiP,16ADB04337.000,4337,DAZ_004,R1,T311,B18,60,6,45,81,30,12.3,51,273.78,2326.599419,1675.151581,1257.621307
Dar16C_hiP,16ADB04456.000,4456,LPA_643,R2,T168,B6,60,7,45,84,26,12.2,52,244.944,2083.922791,1731.258934,1126.444752
Dar16C_hiP,16ADB04469.000,4469,LPA_164,R2,T294,B6,60,8,40,81,26,11.2,60,308.448,2642.132093,2195.002047,1434.64186
Dar16C_hiP,16ADB04588.000,4588,DAA_125,R2,T339,B12,60,9,42,82,27,11.6,52,204.12,1732.646512,1386.117209,945.1187932
Dar16C_hiP,16ADB04601.000,4601,DAB_575,R2,T111,B12,60,10,46,83,27,12.4,48,292.032,2478.876279,1983.101023,1339.933124
Dar16C_hiP,16ADB04720.000,4720,ACC_030,R2,T42,B18,60,11,48,85,25,11.7,53,250.965,2147.307122,1855.273353,1160.706552
Dar16C_hiP,16ADB04733.000,4733,DAB_920,R2,T16,B18,60,12,40,81,27,11.6,47,214.461,1837.049651,1469.639721,992.9998114
Dar16C_hiP,16ADB04061.000,4061,DAA_060,R1,T332,B6,61,1,38,82,19,11.6,55,104.949,897.9647965,1020.84419,485.9360779
Dar16C_hiP,16ADB04072.000,4072,LPA_774,R1,T302,B6,61,2,42,83,26,11.6,56,191.646,1626.762558,1351.464279,887.3615336
Dar16C_hiP,16ADB04193.000,4193,DAN_022,R1,T251,B12,61,3,40,82,25,11.6,51,163.296,1398.775814,1208.542303,756.0950346
Dar16C_hiP,16ADB04204.000,4204,DAB_597,R1,T143,B12,61,4,40,81,27,11.6,56,173.394,1485.274186,1188.219349,802.8509114
Dar16C_hiP,16ADB04325.000,4325,DAB_906,R1,T9,B18,61,5,39,80,25,11.6,47,235.872,2018.168372,1743.697473,1092.137272
Dar16C_hiP,16ADB04336.000,4336,NATAL_SUGAR,R1,T202,B18,61,6,47,83,32,11.3,37,249.48,2137.018605,1442.487558,1159.065368
Dar16C_hiP,16ADB04457.000,4457,DAB_052,R2,T213,B6,61,7,45,85,24,11.7,26,390.096,3337.74,3003.966,1804.183784
Dar16C_hiP,16ADB04468.000,4468,DAB_633,R2,T153,B6,61,8,38,81,26,11.4,44,308.448,2642.132093,2195.002047,1431.410685
Dar16C_hiP,16ADB04589.000,4589,DAA_121,R2,T374,B12,61,9,47,84,28,11.6,53,158.76,1346.075581,1038.401163,735.0923947
Dar16C_hiP,16ADB04600.000,4600,NUA_035,R2,T5,B12,61,10,47,84,23,11.6,51,228.15,1954.30814,1835.350253,1056.382778
Dar16C_hiP,16ADB04721.000,4721,DAA_124,R2,T324,B18,61,11,46,84,24,11.3,45,250.965,2149.738953,1934.765058,1165.964566
Dar16C_hiP,16ADB04732.000,4732,DAB_600,R2,T99,B18,61,12,45,83,25,11.6,60,219.024,1876.135814,1620.981343,1014.127467
Dar16C_hiP,16ADB04062.000,4062,DAA_001,R1,T255,B6,62,1,40,83,26,11.5,51,273.78,2345.169767,1948.294884,1269.093338
Dar16C_hiP,16ADB04071.000,4071,CMB_010,R1,T282,B6,62,2,43,82,25,11.2,45,250.965,2149.738953,1857.374456,1167.27907
Dar16C_hiP,16ADB04194.000,4194,DAN_014,R1,T243,B12,62,3,40,83,27,11.6,46,127.008,1087.936744,870.3493953,588.0739158
Dar16C_hiP,16ADB04203.000,4203,DAA_008,R1,T263,B12,62,4,39,79,25,11.5,54,292.032,2501.514419,2161.308458,1353.69956
Dar16C_hiP,16ADB04326.000,4326,DAN_006,R1,T235,B18,62,5,38,80,27,11.6,52,187.083,1602.532674,1282.02614,866.2338781
Dar16C_hiP,16ADB04335.000,4335,CMB_050,R1,T287,B18,62,6,48,84,23,11.6,42,167.832,1432.75186,1345.540878,777.0976744
Dar16C_hiP,16ADB04458.000,4458,DAB_916,R2,T1,B6,62,7,38,81,31,11.4,54,267.624,2292.43814,1597.311736,1241.959271
Dar16C_hiP,16ADB04467.000,4467,RED_CANADIAN_WONDER,R2,T201,B6,62,8,38,82,26,11.3,45,353.808,3030.68093,2517.796465,1643.765431
Dar16C_hiP,16ADB04590.000,4590,DAB_901,R2,T2,B12,62,9,47,85,24,12.4,54,240.408,2040.672558,1836.605302,1103.066248
Dar16C_hiP,16ADB04599.000,4599,SEQ_1003,R2,T375,B12,62,10,47,84,24,11.6,45,381.024,3263.810233,2937.429209,1764.221747
Dar16C_hiP,16ADB04722.000,4722,DAB_583,R2,T122,B18,62,11,46,83,28,11.2,44,282.906,2423.342093,1869.435329,1315.84186
Dar16C_hiP,16ADB04731.000,4731,DAA_024,R2,T352,B18,62,12,40,81,28,12,60,378.729,3229.472093,2491.307043,1745.660591
Dar16C_hiP,16ADB04063.000,4063,DAA_011,R1,T320,B6,63,1,39,80,25,11.6,52,123.201,1055.326395,911.8020056,570.4467002
Dar16C_hiP,16ADB04070.000,4070,CMB_025,R1,T275,B6,63,2,43,82,25,11.6,47,209.898,1797.963488,1553.440454,971.8721559
Dar16C_hiP,16ADB04195.000,4195,DAN_009,R1,T238,B12,63,3,40,83,26,11.6,51,140.616,1197.688605,995.0028408,651.0818353
Dar16C_hiP,16ADB04202.000,4202,DAB_916,R1,T1,B12,63,4,39,80,24,11.6,54,136.08,1165.646512,1049.08186,630.0791955
Dar16C_hiP,16ADB04327.000,4327,DAA_154,R1,T312,B18,63,5,39,81,28,11.6,45,190.512,1628.213023,1256.050047,882.1108737
Dar16C_hiP,16ADB04334.000,4334,DAA_114,R1,T367,B18,63,6,47,83,32,11.6,50,159.705,1368.015698,923.4105959,739.4679447
Dar16C_hiP,16ADB04459.000,4459,ACC_014,R2,T37,B6,63,7,47,84,26,11.6,50,222.264,1890.966977,1570.957181,1029.129353
Dar16C_hiP,16ADB04466.000,4466,AFR_298,R2,T65,B6,63,8,40,83,28,11.7,52,353.808,3027.252558,2335.309116,1636.352734
Dar16C_hiP,16ADB04591.000,4591,DAA_005,R2,T259,B12,63,9,40,81,28,11.7,55,276.696,2367.466744,1826.331488,1279.711754
Dar16C_hiP,16ADB04598.000,4598,DAA_062,R2,T328,B12,63,10,42,81,26,12.4,71,417.312,3542.299535,2942.83346,1914.756505
Dar16C_hiP,16ADB04723.000,4723,DAB_295,R2,T66,B18,63,11,39,81,27,11.2,63,287.469,2462.428256,1969.942605,1337.065116
Dar16C_hiP,16ADB04730.000,4730,DOR_364,R2,T387,B18,63,12,46,83,31,14.2,22,410.67,3414.291279,2378.990053,1845.562854
Dar16C_hiP,16ADB04064.000,4064,DAB_614,R1,T127,B6,64,1,40,79,25,11.6,46,141.453,1200.705698,1037.409723,654.9573224
Dar16C_hiP,16ADB04069.000,4069,ACC_007,R1,T36,B6,64,2,41,82,30,11.6,38,146.016,1249.342326,899.5264744,676.084978
Dar16C_hiP,16ADB04196.000,4196,DAB_910,R1,T21,B12,64,3,47,84,26,11.6,47,172.368,1463.123721,1215.518168,798.1003143
Dar16C_hiP,16ADB04201.000,4201,LPA_775,R1,T303,B12,64,4,39,81,28,11.6,57,204.12,1746.49186,1347.293721,945.1187932
Dar16C_hiP,16ADB04328.000,4328,DAB_622,R1,T142,B18,64,5,38,80,28,11.6,52,213.192,1826.179535,1408.76707,987.1240729
Dar16C_hiP,16ADB04333.000,4333,DAB_583,R1,T122,B18,64,6,39,81,22,11.6,44,195.048,1665.09,1634.815636,903.1135135
Dar16C_hiP,16ADB04460.000,4460,ACC_002,R2,T33,B6,64,7,38,80,26,11.4,51,299.376,2564.422326,2130.443163,1389.310371
Dar16C_hiP,16ADB04465.000,4465,DAN_009,R2,T238,B6,64,8,40,82,25,11.5,52,285.768,2447.857674,2114.949031,1324.663105
Dar16C_hiP,16ADB04592.000,4592,DAA_015,R2,T345,B12,64,9,38,80,26,12.3,52,344.736,2929.587907,2433.811492,1583.561031
Dar16C_hiP,16ADB04597.000,4597,CAL_096,R2,T390,B12,64,10,42,81,27,12.1,62,285.768,2434.012326,1947.20986,1315.682338
Dar16C_hiP,16ADB04724.000,4724,DAA_021,R2,T353,B18,64,11,46,83,27,11.6,65,219.024,1867.646512,1494.117209,1014.127467
Dar16C_hiP,16ADB04729.000,4729,DAB_594,R2,T138,B18,64,12,39,81,25,11.4,53,246.402,2110.652791,1823.604011,1143.474607
Dar16C_hiP,16ADB04065.000,4065,DAB_621,R1,T141,B6,65,1,39,79,24,11.6,54,123.201,1055.326395,949.7937558,570.4467002
Dar16C_hiP,16ADB04068.000,4068,DAA_151,R1,T313,B6,65,2,42,NA,26,11.6,50,86.697,740.9569186,615.5642093,401.4254557
Dar16C_hiP,16ADB04197.000,4197,TIO_CANELA_75,R1,T382,B12,65,3,49,NA,32,12.3,22,326.592,2775.39907,1873.394372,1500.215713
Dar16C_hiP,16ADB04200.000,4200,ACC_030,R1,T42,B12,65,4,40,82,26,11.6,47,190.512,1630.05907,1354.202919,882.1108737
Dar16C_hiP,16ADB04329.000,4329,ACC_031,R1,T43,B18,65,5,48,81,29,11.6,54,159.705,1368.015698,1018.93583,739.4679447
Dar16C_hiP,16ADB04332.000,4332,LPA_512,R1,T164,B18,65,6,40,79,25,11.7,62,296.595,2537.726599,2192.595781,1371.744107
Dar16C_hiP,16ADB04461.000,4461,SAB_712,R2,T183,B6,65,7,39,81,25,11.6,54,158.76,1353.767442,1169.65507,735.0923947
Dar16C_hiP,16ADB04464.000,4464,DAB_622,R2,T142,B6,65,8,39,81,22,11.8,55,362.88,3101.35814,3044.96981,1676.409805
Dar16C_hiP,16ADB04593.000,4593,DAB_295,R2,T391,B12,65,9,39,81,28,11.6,56,367.416,3147.245581,2427.875163,1701.213828
Dar16C_hiP,16ADB04596.000,4596,DAB_902,R2,T4,B12,65,10,48,82,27,12.2,46,281.232,2392.652093,1914.121674,1293.325456
Dar16C_hiP,16ADB04725.000,4725,DAN_002,R2,T231,B18,65,11,42,81,28,11.6,59,196.209,1667.39625,1286.277107,908.4891892
Dar16C_hiP,16ADB04728.000,4728,NUA_520,R2,T149,B18,65,12,39,82,30,11.3,60,255.528,2188.825116,1575.954084,1187.163922
Dar16C_hiP,16ADB04066.000,4066,DAB_919,R1,T24,B6,66,1,43,83,23,11.6,43,82.134,703.5509302,660.726091,380.2978001
Dar16C_hiP,16ADB04067.000,4067,DAB_396,R1,T80,B6,66,2,43,83,34,11.6,44,164.268,1400.734884,889.878632,760.5956003
Dar16C_hiP,16ADB04198.000,4198,AMADEUS,R1,T379,B12,66,3,43,82,47,12,28,396.981,3385.109302,1555.709807,1829.788812
Dar16C_hiP,16ADB04199.000,4199,DAB_380,R1,T72,B12,66,4,39,80,28,11.9,59,244.944,2091.043256,1613.090512,1130.293652
Dar16C_hiP,16ADB04330.000,4330,ACC_014,R1,T37,B18,66,5,47,81,31,11.6,45,181.44,1550.67907,1080.473158,840.105594
Dar16C_hiP,16ADB04331.000,4331,SER_118,R1,T383,B18,66,6,46,81,40,12.1,32,381.024,3245.349767,1752.488874,1754.243118
Dar16C_hiP,16ADB04462.000,4462,LPA_566,R2,T295,B6,66,7,40,82,21,11.4,61,244.944,2098.163721,2158.111256,1136.708485
Dar16C_hiP,16ADB04463.000,4463,SAB_576,R2,T182,B6,66,8,40,82,NA,11.6,NA,NA,NA,NA,NA
Dar16C_hiP,16ADB04594.000,4594,DAN_015,R2,T244,B12,66,9,47,84,30,11.6,55,213.192,1824.113721,1313.361879,987.1240729
Dar16C_hiP,16ADB04595.000,4595,ACC_031,R2,T43,B12,66,10,47,84,20,11.7,51,258.552,2212.223023,2389.200865,1195.796229
Dar16C_hiP,16ADB04726.000,4726,CMB_095,R2,T288,B18,66,11,47,84,32,11.9,47,250.965,2142.443459,1446.149335,1158.077546
Dar16C_hiP,16ADB04727.000,4727,DAB_932,R2,T61,B18,66,12,45,83,22,11.6,50,118.638,1016.240233,997.7631374,549.3190446
